{"type": "FeatureCollection", "features": [{"type": "Feature", "properties": {"name": "526", "km": "526"}, "geometry": {"type": "Point", "coordinates": [-75.92110489880167, -13.7008333063903]}}, {"type": "Feature", "properties": {"name": "529", "km": "529"}, "geometry": {"type": "Point", "coordinates": [-75.94684239520664, -13.69450491336395]}}, {"type": "Feature", "properties": {"name": "532", "km": "532"}, "geometry": {"type": "Point", "coordinates": [-75.95566784661733, -13.66994238026112]}}, {"type": "Feature", "properties": {"name": "257", "km": "257"}, "geometry": {"type": "Point", "coordinates": [-73.98005855119986, -13.209441032201]}}, {"type": "Feature", "properties": {"name": "263", "km": "263"}, "geometry": {"type": "Point", "coordinates": [-73.99963741658985, -13.25458926347151]}}, {"type": "Feature", "properties": {"name": "477", "km": "477"}, "geometry": {"type": "Point", "coordinates": [-75.58780885293217, -13.63249430363509]}}, {"type": "Feature", "properties": {"name": "300", "km": "300"}, "geometry": {"type": "Point", "coordinates": [-74.264023473596, -13.31607014937967]}}, {"type": "Feature", "properties": {"name": "75", "km": "75"}, "geometry": {"type": "Point", "coordinates": [-73.03743089975808, -12.35297201313776]}}, {"type": "Feature", "properties": {"name": "97", "km": "97"}, "geometry": {"type": "Point", "coordinates": [-73.07675334915601, -12.48815706483543]}}, {"type": "Feature", "properties": {"name": "715+050", "km": "715+050"}, "geometry": {"type": "Point", "coordinates": [-76.74564000004779, -12.39987000019134]}}, {"type": "Feature", "properties": {"name": "606", "km": "606"}, "geometry": {"type": "Point", "coordinates": [-76.35639260786814, -13.16613069353621]}}, {"type": "Feature", "properties": {"name": "249", "km": "249"}, "geometry": {"type": "Point", "coordinates": [-73.92710772268326, -13.17147932543934]}}, {"type": "Feature", "properties": {"name": "32", "km": "32"}, "geometry": {"type": "Point", "coordinates": [-72.99434250559777, -12.07494583875664]}}, {"type": "Feature", "properties": {"name": "37", "km": "37"}, "geometry": {"type": "Point", "coordinates": [-72.98665119249648, -12.10732530825372]}}, {"type": "Feature", "properties": {"name": "2", "km": "2"}, "geometry": {"type": "Point", "coordinates": [-72.93935014485317, -11.86160096781981]}}, {"type": "Feature", "properties": {"name": "3", "km": "3"}, "geometry": {"type": "Point", "coordinates": [-72.93967469883086, -11.86998308270858]}}, {"type": "Feature", "properties": {"name": "730", "km": "730"}, "geometry": {"type": "Point", "coordinates": [-76.82706751718956, -12.29878442479905]}}, {"type": "Feature", "properties": {"name": "560", "km": "560"}, "geometry": {"type": "Point", "coordinates": [-76.06709646086985, -13.45073581181282]}}, {"type": "Feature", "properties": {"name": "562", "km": "562"}, "geometry": {"type": "Point", "coordinates": [-76.0707437124525, -13.43485673231185]}}, {"type": "Feature", "properties": {"name": "564", "km": "564"}, "geometry": {"type": "Point", "coordinates": [-76.081742979381, -13.41904798634834]}}, {"type": "Feature", "properties": {"name": "57", "km": "57"}, "geometry": {"type": "Point", "coordinates": [-73.00813718645855, -12.22780265034327]}}, {"type": "Feature", "properties": {"name": "585", "km": "585"}, "geometry": {"type": "Point", "coordinates": [-76.21069395712995, -13.28809566291901]}}, {"type": "Feature", "properties": {"name": "588", "km": "588"}, "geometry": {"type": "Point", "coordinates": [-76.23247807202118, -13.27168178041589]}}, {"type": "Feature", "properties": {"name": "591", "km": "591"}, "geometry": {"type": "Point", "coordinates": [-76.2548989500516, -13.25584172074104]}}, {"type": "Feature", "properties": {"name": "593", "km": "593"}, "geometry": {"type": "Point", "coordinates": [-76.26861675429502, -13.24402114740029]}}, {"type": "Feature", "properties": {"name": "534", "km": "534"}, "geometry": {"type": "Point", "coordinates": [-75.9696024152095, -13.65706999981002]}}, {"type": "Feature", "properties": {"name": "537", "km": "537"}, "geometry": {"type": "Point", "coordinates": [-75.99176450640171, -13.64184769985038]}}, {"type": "Feature", "properties": {"name": "540", "km": "540"}, "geometry": {"type": "Point", "coordinates": [-76.00173824554582, -13.61741496855275]}}, {"type": "Feature", "properties": {"name": "542", "km": "542"}, "geometry": {"type": "Point", "coordinates": [-76.00672993884012, -13.59994562192417]}}, {"type": "Feature", "properties": {"name": "558", "km": "558"}, "geometry": {"type": "Point", "coordinates": [-76.22008614782278, -13.77523441545152]}}, {"type": "Feature", "properties": {"name": "504", "km": "504"}, "geometry": {"type": "Point", "coordinates": [-75.7745621570661, -13.6746146651957]}}, {"type": "Feature", "properties": {"name": "506", "km": "506"}, "geometry": {"type": "Point", "coordinates": [-75.79008621060773, -13.68203535907745]}}, {"type": "Feature", "properties": {"name": "507", "km": "507"}, "geometry": {"type": "Point", "coordinates": [-75.79848840035008, -13.68576685589764]}}, {"type": "Feature", "properties": {"name": "510", "km": "510"}, "geometry": {"type": "Point", "coordinates": [-75.81430628510107, -13.70294383956927]}}, {"type": "Feature", "properties": {"name": "511", "km": "511"}, "geometry": {"type": "Point", "coordinates": [-75.82148184225734, -13.70773347548813]}}, {"type": "Feature", "properties": {"name": "513", "km": "513"}, "geometry": {"type": "Point", "coordinates": [-75.83669051869902, -13.71607837051087]}}, {"type": "Feature", "properties": {"name": "514", "km": "514"}, "geometry": {"type": "Point", "coordinates": [-75.84489231333674, -13.71993073401077]}}, {"type": "Feature", "properties": {"name": "516", "km": "516"}, "geometry": {"type": "Point", "coordinates": [-75.8603906028845, -13.72674501565894]}}, {"type": "Feature", "properties": {"name": "519", "km": "519"}, "geometry": {"type": "Point", "coordinates": [-75.8839333586528, -13.73938162347212]}}, {"type": "Feature", "properties": {"name": "574", "km": "574"}, "geometry": {"type": "Point", "coordinates": [-76.12657377136016, -13.34363159948359]}}, {"type": "Feature", "properties": {"name": "577", "km": "577"}, "geometry": {"type": "Point", "coordinates": [-76.14929722359096, -13.32832289490011]}}, {"type": "Feature", "properties": {"name": "579", "km": "579"}, "geometry": {"type": "Point", "coordinates": [-76.16484148066249, -13.31810823213026]}}, {"type": "Feature", "properties": {"name": "582", "km": "582"}, "geometry": {"type": "Point", "coordinates": [-76.18761581357124, -13.30288661004403]}}, {"type": "Feature", "properties": {"name": "223", "km": "223"}, "geometry": {"type": "Point", "coordinates": [-73.78029011809734, -13.07536916487888]}}, {"type": "Feature", "properties": {"name": "61", "km": "61"}, "geometry": {"type": "Point", "coordinates": [-73.01089898345477, -12.25689124278259]}}, {"type": "Feature", "properties": {"name": "65", "km": "65"}, "geometry": {"type": "Point", "coordinates": [-73.02473118033642, -12.28273260878031]}}, {"type": "Feature", "properties": {"name": "68", "km": "68"}, "geometry": {"type": "Point", "coordinates": [-73.03685510409659, -12.29933431538392]}}, {"type": "Feature", "properties": {"name": "69", "km": "69"}, "geometry": {"type": "Point", "coordinates": [-73.03856802217844, -12.30704988584917]}}, {"type": "Feature", "properties": {"name": "71", "km": "71"}, "geometry": {"type": "Point", "coordinates": [-73.04421973309131, -12.32219530297737]}}, {"type": "Feature", "properties": {"name": "74", "km": "74"}, "geometry": {"type": "Point", "coordinates": [-73.03969004703282, -12.34497245459795]}}, {"type": "Feature", "properties": {"name": "77", "km": "77"}, "geometry": {"type": "Point", "coordinates": [-73.03850528738995, -12.36953910420766]}}, {"type": "Feature", "properties": {"name": "78", "km": "78"}, "geometry": {"type": "Point", "coordinates": [-73.04322965677868, -12.37660343232266]}}, {"type": "Feature", "properties": {"name": "80", "km": "80"}, "geometry": {"type": "Point", "coordinates": [-73.0351600571353, -12.39030464041179]}}, {"type": "Feature", "properties": {"name": "81", "km": "81"}, "geometry": {"type": "Point", "coordinates": [-73.0306392315329, -12.39698701878901]}}, {"type": "Feature", "properties": {"name": "84", "km": "84"}, "geometry": {"type": "Point", "coordinates": [-73.02740344173245, -12.41534003641146]}}, {"type": "Feature", "properties": {"name": "137", "km": "137"}, "geometry": {"type": "Point", "coordinates": [-73.30322669135838, -12.71169752927097]}}, {"type": "Feature", "properties": {"name": "140", "km": "140"}, "geometry": {"type": "Point", "coordinates": [-73.3187636044269, -12.73184365342756]}}, {"type": "Feature", "properties": {"name": "141", "km": "141"}, "geometry": {"type": "Point", "coordinates": [-73.32600695751141, -12.73568808438031]}}, {"type": "Feature", "properties": {"name": "143", "km": "143"}, "geometry": {"type": "Point", "coordinates": [-73.33603502634105, -12.74913735597791]}}, {"type": "Feature", "properties": {"name": "147", "km": "147"}, "geometry": {"type": "Point", "coordinates": [-73.3618855733037, -12.7675960952693]}}, {"type": "Feature", "properties": {"name": "148", "km": "148"}, "geometry": {"type": "Point", "coordinates": [-73.36658710735335, -12.77445787953616]}}, {"type": "Feature", "properties": {"name": "262", "km": "262"}, "geometry": {"type": "Point", "coordinates": [-73.99818274849966, -13.24693235800475]}}, {"type": "Feature", "properties": {"name": "265", "km": "265"}, "geometry": {"type": "Point", "coordinates": [-74.01158677255846, -13.26453609447065]}}, {"type": "Feature", "properties": {"name": "639", "km": "639"}, "geometry": {"type": "Point", "coordinates": [-76.4957277953296, -12.94823635577304]}}, {"type": "Feature", "properties": {"name": "641", "km": "641"}, "geometry": {"type": "Point", "coordinates": [-76.49346075705368, -12.93125419997762]}}, {"type": "Feature", "properties": {"name": "642", "km": "642"}, "geometry": {"type": "Point", "coordinates": [-76.49539746081423, -12.92218505193172]}}, {"type": "Feature", "properties": {"name": "646", "km": "646"}, "geometry": {"type": "Point", "coordinates": [-76.50466402370785, -12.8875178275831]}}, {"type": "Feature", "properties": {"name": "31", "km": "31"}, "geometry": {"type": "Point", "coordinates": [-72.99557149026195, -12.06833408316634]}}, {"type": "Feature", "properties": {"name": "649", "km": "649"}, "geometry": {"type": "Point", "coordinates": [-76.50782080942747, -12.86067808925242]}}, {"type": "Feature", "properties": {"name": "652", "km": "652"}, "geometry": {"type": "Point", "coordinates": [-76.51518436637942, -12.83487178811149]}}, {"type": "Feature", "properties": {"name": "653", "km": "653"}, "geometry": {"type": "Point", "coordinates": [-76.51948702530507, -12.82726242808439]}}, {"type": "Feature", "properties": {"name": "655", "km": "655"}, "geometry": {"type": "Point", "coordinates": [-76.52873298546629, -12.81147033176195]}}, {"type": "Feature", "properties": {"name": "657", "km": "657"}, "geometry": {"type": "Point", "coordinates": [-76.53838604157089, -12.79767345751354]}}, {"type": "Feature", "properties": {"name": "658", "km": "658"}, "geometry": {"type": "Point", "coordinates": [-76.54510787188367, -12.79152977228635]}}, {"type": "Feature", "properties": {"name": "663", "km": "663"}, "geometry": {"type": "Point", "coordinates": [-76.57800816848835, -12.76738197477998]}}, {"type": "Feature", "properties": {"name": "666", "km": "666"}, "geometry": {"type": "Point", "coordinates": [-76.59634821872271, -12.75272552255692]}}, {"type": "Feature", "properties": {"name": "668", "km": "668"}, "geometry": {"type": "Point", "coordinates": [-76.60720412036196, -12.73831516197706]}}, {"type": "Feature", "properties": {"name": "669", "km": "669"}, "geometry": {"type": "Point", "coordinates": [-76.61098564659027, -12.73050902919183]}}, {"type": "Feature", "properties": {"name": "672", "km": "672"}, "geometry": {"type": "Point", "coordinates": [-76.62643437718779, -12.71269697803456]}}, {"type": "Feature", "properties": {"name": "674", "km": "674"}, "geometry": {"type": "Point", "coordinates": [-76.63791232526407, -12.70056754714153]}}, {"type": "Feature", "properties": {"name": "675", "km": "675"}, "geometry": {"type": "Point", "coordinates": [-76.6431695210512, -12.69257608972881]}}, {"type": "Feature", "properties": {"name": "678", "km": "678"}, "geometry": {"type": "Point", "coordinates": [-76.65295624390744, -12.6671409781355]}}, {"type": "Feature", "properties": {"name": "680", "km": "680"}, "geometry": {"type": "Point", "coordinates": [-76.65701881151718, -12.65239495324209]}}, {"type": "Feature", "properties": {"name": "681", "km": "681"}, "geometry": {"type": "Point", "coordinates": [-76.66104482723821, -12.6457800772927]}}, {"type": "Feature", "properties": {"name": "683", "km": "683"}, "geometry": {"type": "Point", "coordinates": [-76.66620773647462, -12.6299739397751]}}, {"type": "Feature", "properties": {"name": "684", "km": "684"}, "geometry": {"type": "Point", "coordinates": [-76.6647660031192, -12.62053666574399]}}, {"type": "Feature", "properties": {"name": "688", "km": "688"}, "geometry": {"type": "Point", "coordinates": [-76.65257478199923, -12.58820558979034]}}, {"type": "Feature", "properties": {"name": "677", "km": "677"}, "geometry": {"type": "Point", "coordinates": [-76.64787990140644, -12.67400546106139]}}, {"type": "Feature", "properties": {"name": "689", "km": "689"}, "geometry": {"type": "Point", "coordinates": [-76.6545744669755, -12.57855705401329]}}, {"type": "Feature", "properties": {"name": "647", "km": "647"}, "geometry": {"type": "Point", "coordinates": [-76.50586358490462, -12.878543283594]}}, {"type": "Feature", "properties": {"name": "484", "km": "484"}, "geometry": {"type": "Point", "coordinates": [-75.62803092201558, -13.60701236547198]}}, {"type": "Feature", "properties": {"name": "485", "km": "485"}, "geometry": {"type": "Point", "coordinates": [-75.63686633270186, -13.60889339863821]}}, {"type": "Feature", "properties": {"name": "487", "km": "487"}, "geometry": {"type": "Point", "coordinates": [-75.65348325618291, -13.61596583383967]}}, {"type": "Feature", "properties": {"name": "47", "km": "47"}, "geometry": {"type": "Point", "coordinates": [-72.99354267065144, -12.16940808673553]}}, {"type": "Feature", "properties": {"name": "52", "km": "52"}, "geometry": {"type": "Point", "coordinates": [-73.00607059110068, -12.19996176457808]}}, {"type": "Feature", "properties": {"name": "56", "km": "56"}, "geometry": {"type": "Point", "coordinates": [-73.00854947862251, -12.21945629585792]}}, {"type": "Feature", "properties": {"name": "60", "km": "60"}, "geometry": {"type": "Point", "coordinates": [-73.00711231762776, -12.24944573621788]}}, {"type": "Feature", "properties": {"name": "63", "km": "63"}, "geometry": {"type": "Point", "coordinates": [-73.01405488523653, -12.2749399731291]}}, {"type": "Feature", "properties": {"name": "66", "km": "66"}, "geometry": {"type": "Point", "coordinates": [-73.0330425647642, -12.28600576454912]}}, {"type": "Feature", "properties": {"name": "67", "km": "67"}, "geometry": {"type": "Point", "coordinates": [-73.03892727049963, -12.29222796369372]}}, {"type": "Feature", "properties": {"name": "70", "km": "70"}, "geometry": {"type": "Point", "coordinates": [-73.04282508551256, -12.3140727528767]}}, {"type": "Feature", "properties": {"name": "72", "km": "72"}, "geometry": {"type": "Point", "coordinates": [-73.04117732343329, -12.3298483550313]}}, {"type": "Feature", "properties": {"name": "76", "km": "76"}, "geometry": {"type": "Point", "coordinates": [-73.03635551490227, -12.36149457793297]}}, {"type": "Feature", "properties": {"name": "475", "km": "475"}, "geometry": {"type": "Point", "coordinates": [-75.57218457766876, -13.63828608896451]}}, {"type": "Feature", "properties": {"name": "79", "km": "79"}, "geometry": {"type": "Point", "coordinates": [-73.03996052609968, -12.3837071941456]}}, {"type": "Feature", "properties": {"name": "83", "km": "83"}, "geometry": {"type": "Point", "coordinates": [-73.02248222704833, -12.40933778963375]}}, {"type": "Feature", "properties": {"name": "476", "km": "476"}, "geometry": {"type": "Point", "coordinates": [-75.58047857832071, -13.63650468373536]}}, {"type": "Feature", "properties": {"name": "478", "km": "478"}, "geometry": {"type": "Point", "coordinates": [-75.59621875832948, -13.63282735582689]}}, {"type": "Feature", "properties": {"name": "479", "km": "479"}, "geometry": {"type": "Point", "coordinates": [-75.6016739642355, -13.62604613374015]}}, {"type": "Feature", "properties": {"name": "481", "km": "481"}, "geometry": {"type": "Point", "coordinates": [-75.61072492771262, -13.61163437776742]}}, {"type": "Feature", "properties": {"name": "690", "km": "690"}, "geometry": {"type": "Point", "coordinates": [-76.65771794563643, -12.57508450051485]}}, {"type": "Feature", "properties": {"name": "482", "km": "482"}, "geometry": {"type": "Point", "coordinates": [-75.61491871859822, -13.6036284619313]}}, {"type": "Feature", "properties": {"name": "86", "km": "86"}, "geometry": {"type": "Point", "coordinates": [-73.0281388944894, -12.42834897112625]}}, {"type": "Feature", "properties": {"name": "520", "km": "520"}, "geometry": {"type": "Point", "coordinates": [-75.89016181750402, -13.73979637593625]}}, {"type": "Feature", "properties": {"name": "522", "km": "522"}, "geometry": {"type": "Point", "coordinates": [-75.89983592594587, -13.72644378263498]}}, {"type": "Feature", "properties": {"name": "524", "km": "524"}, "geometry": {"type": "Point", "coordinates": [-75.9076222586243, -13.71039448053308]}}, {"type": "Feature", "properties": {"name": "525", "km": "525"}, "geometry": {"type": "Point", "coordinates": [-75.9130269435391, -13.70305745713533]}}, {"type": "Feature", "properties": {"name": "527", "km": "527"}, "geometry": {"type": "Point", "coordinates": [-75.9292353315836, -13.69678040055952]}}, {"type": "Feature", "properties": {"name": "528", "km": "528"}, "geometry": {"type": "Point", "coordinates": [-75.93755625696376, -13.69446006975777]}}, {"type": "Feature", "properties": {"name": "530", "km": "530"}, "geometry": {"type": "Point", "coordinates": [-75.95029455813962, -13.68677780469113]}}, {"type": "Feature", "properties": {"name": "531", "km": "531"}, "geometry": {"type": "Point", "coordinates": [-75.95291906476648, -13.67854473649915]}}, {"type": "Feature", "properties": {"name": "573", "km": "573"}, "geometry": {"type": "Point", "coordinates": [-76.12119480241638, -13.35045421582993]}}, {"type": "Feature", "properties": {"name": "575", "km": "575"}, "geometry": {"type": "Point", "coordinates": [-76.13380684290999, -13.33850029263944]}}, {"type": "Feature", "properties": {"name": "576", "km": "576"}, "geometry": {"type": "Point", "coordinates": [-76.14150112664503, -13.33334864373096]}}, {"type": "Feature", "properties": {"name": "578", "km": "578"}, "geometry": {"type": "Point", "coordinates": [-76.15688108567798, -13.32338830480384]}}, {"type": "Feature", "properties": {"name": "580", "km": "580"}, "geometry": {"type": "Point", "coordinates": [-76.17266426720846, -13.31308171194905]}}, {"type": "Feature", "properties": {"name": "581", "km": "581"}, "geometry": {"type": "Point", "coordinates": [-76.18017382387606, -13.30825532600052]}}, {"type": "Feature", "properties": {"name": "583", "km": "583"}, "geometry": {"type": "Point", "coordinates": [-76.19573538303281, -13.29834626250064]}}, {"type": "Feature", "properties": {"name": "584", "km": "584"}, "geometry": {"type": "Point", "coordinates": [-76.20264098264357, -13.29290734882799]}}, {"type": "Feature", "properties": {"name": "586", "km": "586"}, "geometry": {"type": "Point", "coordinates": [-76.21838500381249, -13.28296001416332]}}, {"type": "Feature", "properties": {"name": "587", "km": "587"}, "geometry": {"type": "Point", "coordinates": [-76.22581437765652, -13.27724681490105]}}, {"type": "Feature", "properties": {"name": "589", "km": "589"}, "geometry": {"type": "Point", "coordinates": [-76.23977819100485, -13.26609541790871]}}, {"type": "Feature", "properties": {"name": "590", "km": "590"}, "geometry": {"type": "Point", "coordinates": [-76.2472370758872, -13.26094204394446]}}, {"type": "Feature", "properties": {"name": "594", "km": "594"}, "geometry": {"type": "Point", "coordinates": [-76.27655541348201, -13.23909968487392]}}, {"type": "Feature", "properties": {"name": "550", "km": "550"}, "geometry": {"type": "Point", "coordinates": [-76.15123181553727, -13.76913825829694]}}, {"type": "Feature", "properties": {"name": "551", "km": "551"}, "geometry": {"type": "Point", "coordinates": [-76.15958214037059, -13.77254351432217]}}, {"type": "Feature", "properties": {"name": "552", "km": "552"}, "geometry": {"type": "Point", "coordinates": [-76.16791724266524, -13.7765632933722]}}, {"type": "Feature", "properties": {"name": "553", "km": "553"}, "geometry": {"type": "Point", "coordinates": [-76.17646229152308, -13.77812275888999]}}, {"type": "Feature", "properties": {"name": "554", "km": "554"}, "geometry": {"type": "Point", "coordinates": [-76.18564731943951, -13.78001333205241]}}, {"type": "Feature", "properties": {"name": "555", "km": "555"}, "geometry": {"type": "Point", "coordinates": [-76.1946770798642, -13.78044879949365]}}, {"type": "Feature", "properties": {"name": "556", "km": "556"}, "geometry": {"type": "Point", "coordinates": [-76.2036749232011, -13.7782623789389]}}, {"type": "Feature", "properties": {"name": "557", "km": "557"}, "geometry": {"type": "Point", "coordinates": [-76.21260680350224, -13.77587707885386]}}, {"type": "Feature", "properties": {"name": "520", "km": "520"}, "geometry": {"type": "Point", "coordinates": [-75.8933776636632, -13.7412769144175]}}, {"type": "Feature", "properties": {"name": "521", "km": "521"}, "geometry": {"type": "Point", "coordinates": [-75.89972855649171, -13.74775445205582]}}, {"type": "Feature", "properties": {"name": "522", "km": "522"}, "geometry": {"type": "Point", "coordinates": [-75.90581202635651, -13.7543503206391]}}, {"type": "Feature", "properties": {"name": "523", "km": "523"}, "geometry": {"type": "Point", "coordinates": [-75.9128180788116, -13.7602464312129]}}, {"type": "Feature", "properties": {"name": "524", "km": "524"}, "geometry": {"type": "Point", "coordinates": [-75.91972294558815, -13.7661969438754]}}, {"type": "Feature", "properties": {"name": "525", "km": "525"}, "geometry": {"type": "Point", "coordinates": [-75.9271330844222, -13.77117793875323]}}, {"type": "Feature", "properties": {"name": "526", "km": "526"}, "geometry": {"type": "Point", "coordinates": [-75.93624385976918, -13.77341277824279]}}, {"type": "Feature", "properties": {"name": "527", "km": "527"}, "geometry": {"type": "Point", "coordinates": [-75.94505879107474, -13.77564840567691]}}, {"type": "Feature", "properties": {"name": "528", "km": "528"}, "geometry": {"type": "Point", "coordinates": [-75.95434297519328, -13.77723093264316]}}, {"type": "Feature", "properties": {"name": "529", "km": "529"}, "geometry": {"type": "Point", "coordinates": [-75.963522844025, -13.77816255644106]}}, {"type": "Feature", "properties": {"name": "530", "km": "530"}, "geometry": {"type": "Point", "coordinates": [-75.972652772378, -13.77818993073547]}}, {"type": "Feature", "properties": {"name": "531", "km": "531"}, "geometry": {"type": "Point", "coordinates": [-75.98115783281442, -13.78142900466206]}}, {"type": "Feature", "properties": {"name": "532", "km": "532"}, "geometry": {"type": "Point", "coordinates": [-75.99005736095471, -13.78383441413975]}}, {"type": "Feature", "properties": {"name": "533", "km": "533"}, "geometry": {"type": "Point", "coordinates": [-75.99930627228117, -13.78352579176319]}}, {"type": "Feature", "properties": {"name": "534", "km": "534"}, "geometry": {"type": "Point", "coordinates": [-76.00852757858132, -13.78326214076131]}}, {"type": "Feature", "properties": {"name": "535", "km": "535"}, "geometry": {"type": "Point", "coordinates": [-76.0177766284475, -13.78300707141323]}}, {"type": "Feature", "properties": {"name": "536", "km": "536"}, "geometry": {"type": "Point", "coordinates": [-76.02694913905617, -13.78429796219989]}}, {"type": "Feature", "properties": {"name": "537", "km": "537"}, "geometry": {"type": "Point", "coordinates": [-76.03604760626952, -13.78556169342989]}}, {"type": "Feature", "properties": {"name": "538", "km": "538"}, "geometry": {"type": "Point", "coordinates": [-76.04484504486948, -13.78359878962925]}}, {"type": "Feature", "properties": {"name": "539", "km": "539"}, "geometry": {"type": "Point", "coordinates": [-76.053674693583, -13.78060479210273]}}, {"type": "Feature", "properties": {"name": "540", "km": "540"}, "geometry": {"type": "Point", "coordinates": [-76.06263143777458, -13.78122625218573]}}, {"type": "Feature", "properties": {"name": "541", "km": "541"}, "geometry": {"type": "Point", "coordinates": [-76.07183071871685, -13.78228932295311]}}, {"type": "Feature", "properties": {"name": "542", "km": "542"}, "geometry": {"type": "Point", "coordinates": [-76.08105368953763, -13.78245690829353]}}, {"type": "Feature", "properties": {"name": "543", "km": "543"}, "geometry": {"type": "Point", "coordinates": [-76.09028606440626, -13.78266026790934]}}, {"type": "Feature", "properties": {"name": "544", "km": "544"}, "geometry": {"type": "Point", "coordinates": [-76.09945676775776, -13.78352352440602]}}, {"type": "Feature", "properties": {"name": "545", "km": "545"}, "geometry": {"type": "Point", "coordinates": [-76.1085400424186, -13.78349180404595]}}, {"type": "Feature", "properties": {"name": "546", "km": "546"}, "geometry": {"type": "Point", "coordinates": [-76.11733221691387, -13.78060423343461]}}, {"type": "Feature", "properties": {"name": "547", "km": "547"}, "geometry": {"type": "Point", "coordinates": [-76.12552350281275, -13.77783663984539]}}, {"type": "Feature", "properties": {"name": "548", "km": "548"}, "geometry": {"type": "Point", "coordinates": [-76.13345268941082, -13.77254767053831]}}, {"type": "Feature", "properties": {"name": "549", "km": "549"}, "geometry": {"type": "Point", "coordinates": [-76.14222375366865, -13.77133846011535]}}, {"type": "Feature", "properties": {"name": "548", "km": "548"}, "geometry": {"type": "Point", "coordinates": [-76.02603435736262, -13.54950842190325]}}, {"type": "Feature", "properties": {"name": "550", "km": "550"}, "geometry": {"type": "Point", "coordinates": [-76.03201577354999, -13.53293873143962]}}, {"type": "Feature", "properties": {"name": "552", "km": "552"}, "geometry": {"type": "Point", "coordinates": [-76.03799424614455, -13.51586264762461]}}, {"type": "Feature", "properties": {"name": "555", "km": "555"}, "geometry": {"type": "Point", "coordinates": [-76.04653765339533, -13.49179610446884]}}, {"type": "Feature", "properties": {"name": "559", "km": "559"}, "geometry": {"type": "Point", "coordinates": [-76.06294944257806, -13.45711822751586]}}, {"type": "Feature", "properties": {"name": "561", "km": "561"}, "geometry": {"type": "Point", "coordinates": [-76.07159104698023, -13.44362858212797]}}, {"type": "Feature", "properties": {"name": "565", "km": "565"}, "geometry": {"type": "Point", "coordinates": [-76.088696998772, -13.41482305692394]}}, {"type": "Feature", "properties": {"name": "568", "km": "568"}, "geometry": {"type": "Point", "coordinates": [-76.10291461015444, -13.39138145631346]}}, {"type": "Feature", "properties": {"name": "569", "km": "569"}, "geometry": {"type": "Point", "coordinates": [-76.1073946698758, -13.38356858212532]}}, {"type": "Feature", "properties": {"name": "572", "km": "572"}, "geometry": {"type": "Point", "coordinates": [-76.11912943932177, -13.35908838049079]}}, {"type": "Feature", "properties": {"name": "521", "km": "521"}, "geometry": {"type": "Point", "coordinates": [-75.89580209106163, -13.7346653329308]}}, {"type": "Feature", "properties": {"name": "523", "km": "523"}, "geometry": {"type": "Point", "coordinates": [-75.90356560223701, -13.71843792780631]}}, {"type": "Feature", "properties": {"name": "609", "km": "609"}, "geometry": {"type": "Point", "coordinates": [-76.36795908187388, -13.14536298894587]}}, {"type": "Feature", "properties": {"name": "611", "km": "611"}, "geometry": {"type": "Point", "coordinates": [-76.38230037501735, -13.13238131077569]}}, {"type": "Feature", "properties": {"name": "612", "km": "612"}, "geometry": {"type": "Point", "coordinates": [-76.38763464463317, -13.12763314017736]}}, {"type": "Feature", "properties": {"name": "614", "km": "614"}, "geometry": {"type": "Point", "coordinates": [-76.39464153215266, -13.11233538086885]}}, {"type": "Feature", "properties": {"name": "617", "km": "617"}, "geometry": {"type": "Point", "coordinates": [-76.39580719461847, -13.08840863750981]}}, {"type": "Feature", "properties": {"name": "596", "km": "596"}, "geometry": {"type": "Point", "coordinates": [-76.29075665517215, -13.22834243832179]}}, {"type": "Feature", "properties": {"name": "19", "km": "19"}, "geometry": {"type": "Point", "coordinates": [-72.97116515749644, -11.97765109599147]}}, {"type": "Feature", "properties": {"name": "21", "km": "21"}, "geometry": {"type": "Point", "coordinates": [-72.98355997646745, -11.98926845768436]}}, {"type": "Feature", "properties": {"name": "23", "km": "23"}, "geometry": {"type": "Point", "coordinates": [-72.98904128332772, -12.0056975015252]}}, {"type": "Feature", "properties": {"name": "24", "km": "24"}, "geometry": {"type": "Point", "coordinates": [-72.99043110368085, -12.01426745191085]}}, {"type": "Feature", "properties": {"name": "26", "km": "26"}, "geometry": {"type": "Point", "coordinates": [-72.99025584862487, -12.03163745213353]}}, {"type": "Feature", "properties": {"name": "27", "km": "27"}, "geometry": {"type": "Point", "coordinates": [-72.98704612011834, -12.03936406640978]}}, {"type": "Feature", "properties": {"name": "28", "km": "28"}, "geometry": {"type": "Point", "coordinates": [-72.98476426967726, -12.04739684734135]}}, {"type": "Feature", "properties": {"name": "30", "km": "30"}, "geometry": {"type": "Point", "coordinates": [-72.98886396942021, -12.06192621898735]}}, {"type": "Feature", "properties": {"name": "599", "km": "599"}, "geometry": {"type": "Point", "coordinates": [-76.3105439451148, -13.20981732286399]}}, {"type": "Feature", "properties": {"name": "602", "km": "602"}, "geometry": {"type": "Point", "coordinates": [-76.33135811748849, -13.19235234507936]}}, {"type": "Feature", "properties": {"name": "605", "km": "605"}, "geometry": {"type": "Point", "coordinates": [-76.35042300196893, -13.17137962111636]}}, {"type": "Feature", "properties": {"name": "608", "km": "608"}, "geometry": {"type": "Point", "coordinates": [-76.36375100057894, -13.15048814963402]}}, {"type": "Feature", "properties": {"name": "610", "km": "610"}, "geometry": {"type": "Point", "coordinates": [-76.37407849646013, -13.13812027863591]}}, {"type": "Feature", "properties": {"name": "613", "km": "613"}, "geometry": {"type": "Point", "coordinates": [-76.38889899997893, -13.11954435228347]}}, {"type": "Feature", "properties": {"name": "616", "km": "616"}, "geometry": {"type": "Point", "coordinates": [-76.39794190965117, -13.09735594090287]}}, {"type": "Feature", "properties": {"name": "620", "km": "620"}, "geometry": {"type": "Point", "coordinates": [-76.40848895321912, -13.06705875407542]}}, {"type": "Feature", "properties": {"name": "622", "km": "622"}, "geometry": {"type": "Point", "coordinates": [-76.41109099147339, -13.05214911907187]}}, {"type": "Feature", "properties": {"name": "625", "km": "625"}, "geometry": {"type": "Point", "coordinates": [-76.42468124694125, -13.02979914167273]}}, {"type": "Feature", "properties": {"name": "628", "km": "628"}, "geometry": {"type": "Point", "coordinates": [-76.44701982797292, -13.01732470050678]}}, {"type": "Feature", "properties": {"name": "631", "km": "631"}, "geometry": {"type": "Point", "coordinates": [-76.45895161415906, -12.99711660436291]}}, {"type": "Feature", "properties": {"name": "634", "km": "634"}, "geometry": {"type": "Point", "coordinates": [-76.48276731528958, -12.98687503918028]}}, {"type": "Feature", "properties": {"name": "600", "km": "600"}, "geometry": {"type": "Point", "coordinates": [-76.3183521983312, -13.20504003273809]}}, {"type": "Feature", "properties": {"name": "607", "km": "607"}, "geometry": {"type": "Point", "coordinates": [-76.36228740237969, -13.1594096518602]}}, {"type": "Feature", "properties": {"name": "615", "km": "615"}, "geometry": {"type": "Point", "coordinates": [-76.39848426965207, -13.10520894569921]}}, {"type": "Feature", "properties": {"name": "636", "km": "636"}, "geometry": {"type": "Point", "coordinates": [-76.49434791590163, -12.97394035465616]}}, {"type": "Feature", "properties": {"name": "638", "km": "638"}, "geometry": {"type": "Point", "coordinates": [-76.49753626623276, -12.95628056966994]}}, {"type": "Feature", "properties": {"name": "242", "km": "242"}, "geometry": {"type": "Point", "coordinates": [-73.9003959570779, -13.12167373632806]}}, {"type": "Feature", "properties": {"name": "245", "km": "245"}, "geometry": {"type": "Point", "coordinates": [-73.91643470861388, -13.14084662138682]}}, {"type": "Feature", "properties": {"name": "248", "km": "248"}, "geometry": {"type": "Point", "coordinates": [-73.92436287423284, -13.16450295562177]}}, {"type": "Feature", "properties": {"name": "486", "km": "486"}, "geometry": {"type": "Point", "coordinates": [-75.64563047359961, -13.61147883161563]}}, {"type": "Feature", "properties": {"name": "17", "km": "17"}, "geometry": {"type": "Point", "coordinates": [-72.95818562353152, -11.96711320879504]}}, {"type": "Feature", "properties": {"name": "25", "km": "25"}, "geometry": {"type": "Point", "coordinates": [-72.99101944997435, -12.02309040609633]}}, {"type": "Feature", "properties": {"name": "286", "km": "286"}, "geometry": {"type": "Point", "coordinates": [-74.1539770866627, -13.34648962860037]}}, {"type": "Feature", "properties": {"name": "307", "km": "307"}, "geometry": {"type": "Point", "coordinates": [-74.30016079562085, -13.26463274793366]}}, {"type": "Feature", "properties": {"name": "321", "km": "321"}, "geometry": {"type": "Point", "coordinates": [-74.40571196606199, -13.27783990334642]}}, {"type": "Feature", "properties": {"name": "329", "km": "329"}, "geometry": {"type": "Point", "coordinates": [-74.47749871458932, -13.28545709546304]}}, {"type": "Feature", "properties": {"name": "343", "km": "343"}, "geometry": {"type": "Point", "coordinates": [-74.59785877610764, -13.30397271985434]}}, {"type": "Feature", "properties": {"name": "351", "km": "351"}, "geometry": {"type": "Point", "coordinates": [-74.66232853169836, -13.29715011179574]}}, {"type": "Feature", "properties": {"name": "366", "km": "366"}, "geometry": {"type": "Point", "coordinates": [-74.75823305396356, -13.35186641521433]}}, {"type": "Feature", "properties": {"name": "378", "km": "378"}, "geometry": {"type": "Point", "coordinates": [-74.8464209203363, -13.37824696878386]}}, {"type": "Feature", "properties": {"name": "251", "km": "251"}, "geometry": {"type": "Point", "coordinates": [-73.9447319091319, -13.17475888513368]}}, {"type": "Feature", "properties": {"name": "254", "km": "254"}, "geometry": {"type": "Point", "coordinates": [-73.96873687042249, -13.18594154734364]}}, {"type": "Feature", "properties": {"name": "260", "km": "260"}, "geometry": {"type": "Point", "coordinates": [-73.98720675284015, -13.2352764238335]}}, {"type": "Feature", "properties": {"name": "266", "km": "266"}, "geometry": {"type": "Point", "coordinates": [-74.01908077399507, -13.26927991894066]}}, {"type": "Feature", "properties": {"name": "269", "km": "269"}, "geometry": {"type": "Point", "coordinates": [-74.0505750227661, -13.26391731071051]}}, {"type": "Feature", "properties": {"name": "272", "km": "272"}, "geometry": {"type": "Point", "coordinates": [-74.06719920383291, -13.28262838455949]}}, {"type": "Feature", "properties": {"name": "275", "km": "275"}, "geometry": {"type": "Point", "coordinates": [-74.08718489916953, -13.29615608790374]}}, {"type": "Feature", "properties": {"name": "278", "km": "278"}, "geometry": {"type": "Point", "coordinates": [-74.10183836080667, -13.31801933962657]}}, {"type": "Feature", "properties": {"name": "474", "km": "474"}, "geometry": {"type": "Point", "coordinates": [-75.56488331919816, -13.63567613286217]}}, {"type": "Feature", "properties": {"name": "480", "km": "480"}, "geometry": {"type": "Point", "coordinates": [-75.6069248280344, -13.61918970941195]}}, {"type": "Feature", "properties": {"name": "483", "km": "483"}, "geometry": {"type": "Point", "coordinates": [-75.62218625608672, -13.60406928285605]}}, {"type": "Feature", "properties": {"name": "50", "km": "50"}, "geometry": {"type": "Point", "coordinates": [-73.00031877078553, -12.18604858133858]}}, {"type": "Feature", "properties": {"name": "58", "km": "58"}, "geometry": {"type": "Point", "coordinates": [-73.00716119980987, -12.23534737504723]}}, {"type": "Feature", "properties": {"name": "82", "km": "82"}, "geometry": {"type": "Point", "coordinates": [-73.02435990612287, -12.40188119872936]}}, {"type": "Feature", "properties": {"name": "118", "km": "118"}, "geometry": {"type": "Point", "coordinates": [-73.19607267858115, -12.60592809276588]}}, {"type": "Feature", "properties": {"name": "126", "km": "126"}, "geometry": {"type": "Point", "coordinates": [-73.2386051402818, -12.6546480528475]}}, {"type": "Feature", "properties": {"name": "145", "km": "145"}, "geometry": {"type": "Point", "coordinates": [-73.34969583526077, -12.75542793856104]}}, {"type": "Feature", "properties": {"name": "162", "km": "162"}, "geometry": {"type": "Point", "coordinates": [-73.43801396030702, -12.84350013675918]}}, {"type": "Feature", "properties": {"name": "171", "km": "171"}, "geometry": {"type": "Point", "coordinates": [-73.48699764805643, -12.8797134833339]}}, {"type": "Feature", "properties": {"name": "390", "km": "390"}, "geometry": {"type": "Point", "coordinates": [-74.91809089518001, -13.43756428997176]}}, {"type": "Feature", "properties": {"name": "398", "km": "398"}, "geometry": {"type": "Point", "coordinates": [-74.96952634212336, -13.47408927570621]}}, {"type": "Feature", "properties": {"name": "415", "km": "415"}, "geometry": {"type": "Point", "coordinates": [-75.10197348930548, -13.51291060051824]}}, {"type": "Feature", "properties": {"name": "423", "km": "423"}, "geometry": {"type": "Point", "coordinates": [-75.16372527133215, -13.54125661215141]}}, {"type": "Feature", "properties": {"name": "437", "km": "437"}, "geometry": {"type": "Point", "coordinates": [-75.25513975820121, -13.62425603121053]}}, {"type": "Feature", "properties": {"name": "445", "km": "445"}, "geometry": {"type": "Point", "coordinates": [-75.32047100079507, -13.64869366231004]}}, {"type": "Feature", "properties": {"name": "553", "km": "553"}, "geometry": {"type": "Point", "coordinates": [-76.04065250188519, -13.50744880724816]}}, {"type": "Feature", "properties": {"name": "554", "km": "554"}, "geometry": {"type": "Point", "coordinates": [-76.04407703412633, -13.49958163175399]}}, {"type": "Feature", "properties": {"name": "557", "km": "557"}, "geometry": {"type": "Point", "coordinates": [-76.05328518022745, -13.47355928818093]}}, {"type": "Feature", "properties": {"name": "558", "km": "558"}, "geometry": {"type": "Point", "coordinates": [-76.05729894373562, -13.46616497033795]}}, {"type": "Feature", "properties": {"name": "715", "km": "715"}, "geometry": {"type": "Point", "coordinates": [-76.74526535752081, -12.40012527596587]}}, {"type": "Feature", "properties": {"name": "595", "km": "595"}, "geometry": {"type": "Point", "coordinates": [-76.28320915218661, -13.23309878452909]}}, {"type": "Feature", "properties": {"name": "597", "km": "597"}, "geometry": {"type": "Point", "coordinates": [-76.29803850311121, -13.22329713329287]}}, {"type": "Feature", "properties": {"name": "598", "km": "598"}, "geometry": {"type": "Point", "coordinates": [-76.30389587553209, -13.21592647532451]}}, {"type": "Feature", "properties": {"name": "601", "km": "601"}, "geometry": {"type": "Point", "coordinates": [-76.32480613921815, -13.19898580437366]}}, {"type": "Feature", "properties": {"name": "603", "km": "603"}, "geometry": {"type": "Point", "coordinates": [-76.33829390748262, -13.18680158616627]}}, {"type": "Feature", "properties": {"name": "604", "km": "604"}, "geometry": {"type": "Point", "coordinates": [-76.34390121127404, -13.17963037028108]}}, {"type": "Feature", "properties": {"name": "459", "km": "459"}, "geometry": {"type": "Point", "coordinates": [-75.44029499399979, -13.64649371718097]}}, {"type": "Feature", "properties": {"name": "470", "km": "470"}, "geometry": {"type": "Point", "coordinates": [-75.53194829960836, -13.64176358963931]}}, {"type": "Feature", "properties": {"name": "189", "km": "189"}, "geometry": {"type": "Point", "coordinates": [-73.59731240751827, -12.94754687715811]}}, {"type": "Feature", "properties": {"name": "197", "km": "197"}, "geometry": {"type": "Point", "coordinates": [-73.64713497590384, -12.9708045458099]}}, {"type": "Feature", "properties": {"name": "212", "km": "212"}, "geometry": {"type": "Point", "coordinates": [-73.70903983456586, -13.05922203067431]}}, {"type": "Feature", "properties": {"name": "220", "km": "220"}, "geometry": {"type": "Point", "coordinates": [-73.75588869471304, -13.07766079198452]}}, {"type": "Feature", "properties": {"name": "492", "km": "492"}, "geometry": {"type": "Point", "coordinates": [-75.69331211787065, -13.63335622917515]}}, {"type": "Feature", "properties": {"name": "439", "km": "439"}, "geometry": {"type": "Point", "coordinates": [-75.26966640939945, -13.63472764338533]}}, {"type": "Feature", "properties": {"name": "441", "km": "441"}, "geometry": {"type": "Point", "coordinates": [-75.28619096993312, -13.64218594640976]}}, {"type": "Feature", "properties": {"name": "442", "km": "442"}, "geometry": {"type": "Point", "coordinates": [-75.29489626796484, -13.6441898129845]}}, {"type": "Feature", "properties": {"name": "444", "km": "444"}, "geometry": {"type": "Point", "coordinates": [-75.31172793722253, -13.64862504174944]}}, {"type": "Feature", "properties": {"name": "446", "km": "446"}, "geometry": {"type": "Point", "coordinates": [-75.32929518195303, -13.65131825575571]}}, {"type": "Feature", "properties": {"name": "448", "km": "448"}, "geometry": {"type": "Point", "coordinates": [-75.34576660641245, -13.65099294912461]}}, {"type": "Feature", "properties": {"name": "449", "km": "449"}, "geometry": {"type": "Point", "coordinates": [-75.35305763018347, -13.647449576037]}}, {"type": "Feature", "properties": {"name": "489", "km": "489"}, "geometry": {"type": "Point", "coordinates": [-75.66945977930943, -13.62055634252898]}}, {"type": "Feature", "properties": {"name": "490", "km": "490"}, "geometry": {"type": "Point", "coordinates": [-75.6764595807872, -13.62616324778744]}}, {"type": "Feature", "properties": {"name": "493", "km": "493"}, "geometry": {"type": "Point", "coordinates": [-75.70154930626319, -13.63686948768656]}}, {"type": "Feature", "properties": {"name": "333", "km": "333"}, "geometry": {"type": "Point", "coordinates": [-74.51315414356105, -13.28156014896193]}}, {"type": "Feature", "properties": {"name": "334", "km": "334"}, "geometry": {"type": "Point", "coordinates": [-74.5218851068758, -13.28019675763209]}}, {"type": "Feature", "properties": {"name": "335", "km": "335"}, "geometry": {"type": "Point", "coordinates": [-74.5308117591623, -13.28067451625128]}}, {"type": "Feature", "properties": {"name": "337", "km": "337"}, "geometry": {"type": "Point", "coordinates": [-74.54838702095714, -13.28533692804054]}}, {"type": "Feature", "properties": {"name": "338", "km": "338"}, "geometry": {"type": "Point", "coordinates": [-74.55734127544193, -13.28775148112879]}}, {"type": "Feature", "properties": {"name": "339", "km": "339"}, "geometry": {"type": "Point", "coordinates": [-74.56472730388997, -13.29292736086804]}}, {"type": "Feature", "properties": {"name": "340", "km": "340"}, "geometry": {"type": "Point", "coordinates": [-74.57245883261716, -13.29769770625109]}}, {"type": "Feature", "properties": {"name": "341", "km": "341"}, "geometry": {"type": "Point", "coordinates": [-74.58017536528247, -13.30223975224238]}}, {"type": "Feature", "properties": {"name": "342", "km": "342"}, "geometry": {"type": "Point", "coordinates": [-74.58896141266386, -13.30455491969441]}}, {"type": "Feature", "properties": {"name": "344", "km": "344"}, "geometry": {"type": "Point", "coordinates": [-74.60507813675376, -13.309156147]}}, {"type": "Feature", "properties": {"name": "345", "km": "345"}, "geometry": {"type": "Point", "coordinates": [-74.61395686735813, -13.3081299231661]}}, {"type": "Feature", "properties": {"name": "346", "km": "346"}, "geometry": {"type": "Point", "coordinates": [-74.62152913655878, -13.30498508910322]}}, {"type": "Feature", "properties": {"name": "347", "km": "347"}, "geometry": {"type": "Point", "coordinates": [-74.62963818689654, -13.30609630907005]}}, {"type": "Feature", "properties": {"name": "348", "km": "348"}, "geometry": {"type": "Point", "coordinates": [-74.63746777709706, -13.30594456314817]}}, {"type": "Feature", "properties": {"name": "349", "km": "349"}, "geometry": {"type": "Point", "coordinates": [-74.6464148697875, -13.3056280248016]}}, {"type": "Feature", "properties": {"name": "350", "km": "350"}, "geometry": {"type": "Point", "coordinates": [-74.65422298165903, -13.30101549994744]}}, {"type": "Feature", "properties": {"name": "352", "km": "352"}, "geometry": {"type": "Point", "coordinates": [-74.66962765699279, -13.2926500844418]}}, {"type": "Feature", "properties": {"name": "353", "km": "353"}, "geometry": {"type": "Point", "coordinates": [-74.67783191490496, -13.28987392359254]}}, {"type": "Feature", "properties": {"name": "354", "km": "354"}, "geometry": {"type": "Point", "coordinates": [-74.68618197792574, -13.29000091424962]}}, {"type": "Feature", "properties": {"name": "355", "km": "355"}, "geometry": {"type": "Point", "coordinates": [-74.69195331373624, -13.29683868022533]}}, {"type": "Feature", "properties": {"name": "356", "km": "356"}, "geometry": {"type": "Point", "coordinates": [-74.69734944315097, -13.30220517226337]}}, {"type": "Feature", "properties": {"name": "357", "km": "357"}, "geometry": {"type": "Point", "coordinates": [-74.705837107944, -13.30474813499953]}}, {"type": "Feature", "properties": {"name": "358", "km": "358"}, "geometry": {"type": "Point", "coordinates": [-74.71419544638415, -13.30662772837193]}}, {"type": "Feature", "properties": {"name": "360", "km": "360"}, "geometry": {"type": "Point", "coordinates": [-74.7231378071321, -13.31924020243299]}}, {"type": "Feature", "properties": {"name": "361", "km": "361"}, "geometry": {"type": "Point", "coordinates": [-74.72845119804194, -13.32626193652345]}}, {"type": "Feature", "properties": {"name": "362", "km": "362"}, "geometry": {"type": "Point", "coordinates": [-74.7323385862342, -13.33431786681292]}}, {"type": "Feature", "properties": {"name": "363", "km": "363"}, "geometry": {"type": "Point", "coordinates": [-74.73740469304246, -13.34016662772803]}}, {"type": "Feature", "properties": {"name": "364", "km": "364"}, "geometry": {"type": "Point", "coordinates": [-74.74232761081957, -13.34655768695152]}}, {"type": "Feature", "properties": {"name": "365", "km": "365"}, "geometry": {"type": "Point", "coordinates": [-74.75145504793551, -13.3499073332643]}}, {"type": "Feature", "properties": {"name": "367", "km": "367"}, "geometry": {"type": "Point", "coordinates": [-74.76666913120057, -13.35406981909069]}}, {"type": "Feature", "properties": {"name": "368", "km": "368"}, "geometry": {"type": "Point", "coordinates": [-74.77421550481087, -13.35497086028909]}}, {"type": "Feature", "properties": {"name": "369", "km": "369"}, "geometry": {"type": "Point", "coordinates": [-74.78242084808171, -13.3513314176218]}}, {"type": "Feature", "properties": {"name": "370", "km": "370"}, "geometry": {"type": "Point", "coordinates": [-74.79179607372036, -13.3526304608666]}}, {"type": "Feature", "properties": {"name": "371", "km": "371"}, "geometry": {"type": "Point", "coordinates": [-74.79985259240357, -13.35694611721584]}}, {"type": "Feature", "properties": {"name": "372", "km": "372"}, "geometry": {"type": "Point", "coordinates": [-74.80870141777288, -13.35901137118685]}}, {"type": "Feature", "properties": {"name": "62", "km": "62"}, "geometry": {"type": "Point", "coordinates": [-73.01114456883174, -12.2653557866932]}}, {"type": "Feature", "properties": {"name": "64", "km": "64"}, "geometry": {"type": "Point", "coordinates": [-73.01741931597499, -12.27885142423392]}}, {"type": "Feature", "properties": {"name": "73", "km": "73"}, "geometry": {"type": "Point", "coordinates": [-73.03854695426593, -12.33716509150826]}}, {"type": "Feature", "properties": {"name": "159", "km": "159"}, "geometry": {"type": "Point", "coordinates": [-73.42992641370587, -12.82239797570004]}}, {"type": "Feature", "properties": {"name": "144", "km": "144"}, "geometry": {"type": "Point", "coordinates": [-73.34159969210675, -12.75559690232311]}}, {"type": "Feature", "properties": {"name": "150", "km": "150"}, "geometry": {"type": "Point", "coordinates": [-73.3735410035943, -12.78777521697908]}}, {"type": "Feature", "properties": {"name": "152", "km": "152"}, "geometry": {"type": "Point", "coordinates": [-73.38736271077902, -12.78953838745308]}}, {"type": "Feature", "properties": {"name": "155", "km": "155"}, "geometry": {"type": "Point", "coordinates": [-73.40350404454253, -12.8002023999177]}}, {"type": "Feature", "properties": {"name": "156", "km": "156"}, "geometry": {"type": "Point", "coordinates": [-73.41055527599397, -12.80428248075718]}}, {"type": "Feature", "properties": {"name": "158", "km": "158"}, "geometry": {"type": "Point", "coordinates": [-73.42159336512358, -12.81739369728266]}}, {"type": "Feature", "properties": {"name": "161", "km": "161"}, "geometry": {"type": "Point", "coordinates": [-73.43723340514404, -12.83509908682584]}}, {"type": "Feature", "properties": {"name": "163", "km": "163"}, "geometry": {"type": "Point", "coordinates": [-73.44695957098165, -12.84407922614573]}}, {"type": "Feature", "properties": {"name": "165", "km": "165"}, "geometry": {"type": "Point", "coordinates": [-73.46439454559368, -12.84151634778907]}}, {"type": "Feature", "properties": {"name": "166", "km": "166"}, "geometry": {"type": "Point", "coordinates": [-73.4724679057876, -12.84273586393354]}}, {"type": "Feature", "properties": {"name": "168", "km": "168"}, "geometry": {"type": "Point", "coordinates": [-73.47771106577402, -12.85783770598106]}}, {"type": "Feature", "properties": {"name": "0", "km": "0"}, "geometry": {"type": "Point", "coordinates": [-72.94375672903426, -11.8436709670971]}}, {"type": "Feature", "properties": {"name": "200", "km": "200"}, "geometry": {"type": "Point", "coordinates": [-73.65475153566499, -12.98739008870795]}}, {"type": "Feature", "properties": {"name": "202", "km": "202"}, "geometry": {"type": "Point", "coordinates": [-73.66318941330175, -12.99923083399946]}}, {"type": "Feature", "properties": {"name": "203", "km": "203"}, "geometry": {"type": "Point", "coordinates": [-73.66660884365125, -13.00442726299601]}}, {"type": "Feature", "properties": {"name": "206", "km": "206"}, "geometry": {"type": "Point", "coordinates": [-73.67410738440866, -13.02460820999715]}}, {"type": "Feature", "properties": {"name": "207", "km": "207"}, "geometry": {"type": "Point", "coordinates": [-73.67834876493632, -13.03159983908108]}}, {"type": "Feature", "properties": {"name": "209", "km": "209"}, "geometry": {"type": "Point", "coordinates": [-73.68883934894473, -13.04430990586891]}}, {"type": "Feature", "properties": {"name": "210", "km": "210"}, "geometry": {"type": "Point", "coordinates": [-73.69538102263053, -13.04985064861003]}}, {"type": "Feature", "properties": {"name": "213", "km": "213"}, "geometry": {"type": "Point", "coordinates": [-73.71221509319517, -13.0656094032256]}}, {"type": "Feature", "properties": {"name": "214", "km": "214"}, "geometry": {"type": "Point", "coordinates": [-73.71718044118198, -13.06594915890103]}}, {"type": "Feature", "properties": {"name": "216", "km": "216"}, "geometry": {"type": "Point", "coordinates": [-73.72991216569078, -13.07458664647208]}}, {"type": "Feature", "properties": {"name": "217", "km": "217"}, "geometry": {"type": "Point", "coordinates": [-73.73136708961995, -13.0776330851469]}}, {"type": "Feature", "properties": {"name": "219", "km": "219"}, "geometry": {"type": "Point", "coordinates": [-73.74704919999719, -13.07784995357094]}}, {"type": "Feature", "properties": {"name": "221", "km": "221"}, "geometry": {"type": "Point", "coordinates": [-73.76459733906248, -13.07645180653241]}}, {"type": "Feature", "properties": {"name": "101", "km": "101"}, "geometry": {"type": "Point", "coordinates": [-73.09784772597322, -12.50902482566311]}}, {"type": "Feature", "properties": {"name": "102", "km": "102"}, "geometry": {"type": "Point", "coordinates": [-73.1063125119877, -12.5099520568027]}}, {"type": "Feature", "properties": {"name": "1", "km": "1"}, "geometry": {"type": "Point", "coordinates": [-72.94151793649628, -11.85240747904321]}}, {"type": "Feature", "properties": {"name": "103", "km": "103"}, "geometry": {"type": "Point", "coordinates": [-73.11506937208601, -12.51006552373063]}}, {"type": "Feature", "properties": {"name": "10", "km": "10"}, "geometry": {"type": "Point", "coordinates": [-72.92647662295427, -11.93001810153537]}}, {"type": "Feature", "properties": {"name": "43", "km": "43"}, "geometry": {"type": "Point", "coordinates": [-72.98820195229582, -12.14098627906367]}}, {"type": "Feature", "properties": {"name": "45", "km": "45"}, "geometry": {"type": "Point", "coordinates": [-72.99074639121307, -12.1507206281764]}}, {"type": "Feature", "properties": {"name": "46", "km": "46"}, "geometry": {"type": "Point", "coordinates": [-72.99303526585092, -12.16194850687172]}}, {"type": "Feature", "properties": {"name": "49", "km": "49"}, "geometry": {"type": "Point", "coordinates": [-72.99438894715608, -12.18176065744017]}}, {"type": "Feature", "properties": {"name": "51", "km": "51"}, "geometry": {"type": "Point", "coordinates": [-73.002861107426, -12.19444870141163]}}, {"type": "Feature", "properties": {"name": "53", "km": "53"}, "geometry": {"type": "Point", "coordinates": [-73.01010410945688, -12.20512827169278]}}, {"type": "Feature", "properties": {"name": "100", "km": "100"}, "geometry": {"type": "Point", "coordinates": [-73.09202234889342, -12.50556303239624]}}, {"type": "Feature", "properties": {"name": "382", "km": "382"}, "geometry": {"type": "Point", "coordinates": [-74.88021139651633, -13.38448868260833]}}, {"type": "Feature", "properties": {"name": "42", "km": "42"}, "geometry": {"type": "Point", "coordinates": [-72.98709334229586, -12.13331447692305]}}, {"type": "Feature", "properties": {"name": "177", "km": "177"}, "geometry": {"type": "Point", "coordinates": [-73.51119972724031, -12.92083149073993]}}, {"type": "Feature", "properties": {"name": "178", "km": "178"}, "geometry": {"type": "Point", "coordinates": [-73.520111609916, -12.92034461285927]}}, {"type": "Feature", "properties": {"name": "384", "km": "384"}, "geometry": {"type": "Point", "coordinates": [-74.8927519304947, -13.39614774211447]}}, {"type": "Feature", "properties": {"name": "387", "km": "387"}, "geometry": {"type": "Point", "coordinates": [-74.90152169750971, -13.41734312416432]}}, {"type": "Feature", "properties": {"name": "391", "km": "391"}, "geometry": {"type": "Point", "coordinates": [-74.92324835319796, -13.44432416658921]}}, {"type": "Feature", "properties": {"name": "394", "km": "394"}, "geometry": {"type": "Point", "coordinates": [-74.9443864954769, -13.45658225868662]}}, {"type": "Feature", "properties": {"name": "397", "km": "397"}, "geometry": {"type": "Point", "coordinates": [-74.96201698215737, -13.47244579470638]}}, {"type": "Feature", "properties": {"name": "401", "km": "401"}, "geometry": {"type": "Point", "coordinates": [-74.99526567427137, -13.48101672780883]}}, {"type": "Feature", "properties": {"name": "404", "km": "404"}, "geometry": {"type": "Point", "coordinates": [-75.0208476524208, -13.48897952538931]}}, {"type": "Feature", "properties": {"name": "408", "km": "408"}, "geometry": {"type": "Point", "coordinates": [-75.05604977669466, -13.4971166916823]}}, {"type": "Feature", "properties": {"name": "409", "km": "409"}, "geometry": {"type": "Point", "coordinates": [-75.06497367521425, -13.49772770151029]}}, {"type": "Feature", "properties": {"name": "412", "km": "412"}, "geometry": {"type": "Point", "coordinates": [-75.08894658838312, -13.49272028506113]}}, {"type": "Feature", "properties": {"name": "416", "km": "416"}, "geometry": {"type": "Point", "coordinates": [-75.10704682469728, -13.51909208713824]}}, {"type": "Feature", "properties": {"name": "419", "km": "419"}, "geometry": {"type": "Point", "coordinates": [-75.13115903780958, -13.53117310247146]}}, {"type": "Feature", "properties": {"name": "422", "km": "422"}, "geometry": {"type": "Point", "coordinates": [-75.154892072854, -13.54012670605521]}}, {"type": "Feature", "properties": {"name": "426", "km": "426"}, "geometry": {"type": "Point", "coordinates": [-75.18320150640123, -13.55836639039528]}}, {"type": "Feature", "properties": {"name": "429", "km": "429"}, "geometry": {"type": "Point", "coordinates": [-75.20050657308146, -13.57863770183086]}}, {"type": "Feature", "properties": {"name": "700", "km": "700"}, "geometry": {"type": "Point", "coordinates": [-76.719058832028, -12.51568472943797]}}, {"type": "Feature", "properties": {"name": "701", "km": "701"}, "geometry": {"type": "Point", "coordinates": [-76.72067680809236, -12.509242811784]}}, {"type": "Feature", "properties": {"name": "703", "km": "703"}, "geometry": {"type": "Point", "coordinates": [-76.72754193089996, -12.49568507200047]}}, {"type": "Feature", "properties": {"name": "704", "km": "704"}, "geometry": {"type": "Point", "coordinates": [-76.72868145076755, -12.48611236665484]}}, {"type": "Feature", "properties": {"name": "705", "km": "705"}, "geometry": {"type": "Point", "coordinates": [-76.73019918652204, -12.477480939671]}}, {"type": "Feature", "properties": {"name": "706", "km": "706"}, "geometry": {"type": "Point", "coordinates": [-76.72782579167752, -12.46914381593811]}}, {"type": "Feature", "properties": {"name": "686", "km": "686"}, "geometry": {"type": "Point", "coordinates": [-76.6571855156112, -12.60396012443945]}}, {"type": "Feature", "properties": {"name": "373", "km": "373"}, "geometry": {"type": "Point", "coordinates": [-74.81775209565389, -13.35811814393659]}}, {"type": "Feature", "properties": {"name": "374", "km": "374"}, "geometry": {"type": "Point", "coordinates": [-74.82684793352286, -13.35843061186573]}}, {"type": "Feature", "properties": {"name": "375", "km": "375"}, "geometry": {"type": "Point", "coordinates": [-74.82861194820481, -13.36556348240328]}}, {"type": "Feature", "properties": {"name": "376", "km": "376"}, "geometry": {"type": "Point", "coordinates": [-74.82971373574411, -13.37250410329793]}}, {"type": "Feature", "properties": {"name": "377", "km": "377"}, "geometry": {"type": "Point", "coordinates": [-74.83827507626359, -13.3748202398264]}}, {"type": "Feature", "properties": {"name": "379", "km": "379"}, "geometry": {"type": "Point", "coordinates": [-74.85502506974767, -13.38048190871554]}}, {"type": "Feature", "properties": {"name": "380", "km": "380"}, "geometry": {"type": "Point", "coordinates": [-74.86343550713077, -13.38290155089443]}}, {"type": "Feature", "properties": {"name": "33", "km": "33"}, "geometry": {"type": "Point", "coordinates": [-72.99499882195302, -12.08368495392712]}}, {"type": "Feature", "properties": {"name": "36", "km": "36"}, "geometry": {"type": "Point", "coordinates": [-72.98675567209027, -12.10016980497872]}}, {"type": "Feature", "properties": {"name": "39", "km": "39"}, "geometry": {"type": "Point", "coordinates": [-72.97654720380709, -12.11677475453604]}}, {"type": "Feature", "properties": {"name": "9", "km": "9"}, "geometry": {"type": "Point", "coordinates": [-72.92996966296211, -11.921269361675]}}, {"type": "Feature", "properties": {"name": "293", "km": "293"}, "geometry": {"type": "Point", "coordinates": [-74.21308279959469, -13.34817037030421]}}, {"type": "Feature", "properties": {"name": "315", "km": "315"}, "geometry": {"type": "Point", "coordinates": [-74.35973235844556, -13.26284462134468]}}, {"type": "Feature", "properties": {"name": "336", "km": "336"}, "geometry": {"type": "Point", "coordinates": [-74.53936616204969, -13.2841254684461]}}, {"type": "Feature", "properties": {"name": "359", "km": "359"}, "geometry": {"type": "Point", "coordinates": [-74.72138903707902, -13.3109697392571]}}, {"type": "Feature", "properties": {"name": "381", "km": "381"}, "geometry": {"type": "Point", "coordinates": [-74.87160081691735, -13.38530143919265]}}, {"type": "Feature", "properties": {"name": "41", "km": "41"}, "geometry": {"type": "Point", "coordinates": [-72.98072311488733, -12.13034868742551]}}, {"type": "Feature", "properties": {"name": "44", "km": "44"}, "geometry": {"type": "Point", "coordinates": [-72.98827062269383, -12.14872110900562]}}, {"type": "Feature", "properties": {"name": "169", "km": "169"}, "geometry": {"type": "Point", "coordinates": [-73.48057642187652, -12.86520450199455]}}, {"type": "Feature", "properties": {"name": "172", "km": "172"}, "geometry": {"type": "Point", "coordinates": [-73.49152311030099, -12.88685672395594]}}, {"type": "Feature", "properties": {"name": "173", "km": "173"}, "geometry": {"type": "Point", "coordinates": [-73.4949761578085, -12.89376237477114]}}, {"type": "Feature", "properties": {"name": "175", "km": "175"}, "geometry": {"type": "Point", "coordinates": [-73.49854286428159, -12.90959015786353]}}, {"type": "Feature", "properties": {"name": "399", "km": "399"}, "geometry": {"type": "Point", "coordinates": [-74.97814276943251, -13.47593933982468]}}, {"type": "Feature", "properties": {"name": "400", "km": "400"}, "geometry": {"type": "Point", "coordinates": [-74.98689449821453, -13.47790549085038]}}, {"type": "Feature", "properties": {"name": "176", "km": "176"}, "geometry": {"type": "Point", "coordinates": [-73.5041221106039, -12.91616447566962]}}, {"type": "Feature", "properties": {"name": "179", "km": "179"}, "geometry": {"type": "Point", "coordinates": [-73.52772125381146, -12.92286786260054]}}, {"type": "Feature", "properties": {"name": "383", "km": "383"}, "geometry": {"type": "Point", "coordinates": [-74.88565542253808, -13.39081565816429]}}, {"type": "Feature", "properties": {"name": "385", "km": "385"}, "geometry": {"type": "Point", "coordinates": [-74.89590202330979, -13.40385862843106]}}, {"type": "Feature", "properties": {"name": "386", "km": "386"}, "geometry": {"type": "Point", "coordinates": [-74.89551817858934, -13.41254850245569]}}, {"type": "Feature", "properties": {"name": "388", "km": "388"}, "geometry": {"type": "Point", "coordinates": [-74.90873089617816, -13.42249521714028]}}, {"type": "Feature", "properties": {"name": "389", "km": "389"}, "geometry": {"type": "Point", "coordinates": [-74.91378108098627, -13.43004387776923]}}, {"type": "Feature", "properties": {"name": "392", "km": "392"}, "geometry": {"type": "Point", "coordinates": [-74.92898478487561, -13.45023179971137]}}, {"type": "Feature", "properties": {"name": "393", "km": "393"}, "geometry": {"type": "Point", "coordinates": [-74.93709407757513, -13.45380440939005]}}, {"type": "Feature", "properties": {"name": "395", "km": "395"}, "geometry": {"type": "Point", "coordinates": [-74.94890806324796, -13.46427819973945]}}, {"type": "Feature", "properties": {"name": "396", "km": "396"}, "geometry": {"type": "Point", "coordinates": [-74.95348219288029, -13.47160558846684]}}, {"type": "Feature", "properties": {"name": "402", "km": "402"}, "geometry": {"type": "Point", "coordinates": [-75.00311697390978, -13.48535627939315]}}, {"type": "Feature", "properties": {"name": "403", "km": "403"}, "geometry": {"type": "Point", "coordinates": [-75.01190105086519, -13.48763957747276]}}, {"type": "Feature", "properties": {"name": "405", "km": "405"}, "geometry": {"type": "Point", "coordinates": [-75.0298011896785, -13.49105475001171]}}, {"type": "Feature", "properties": {"name": "407", "km": "407"}, "geometry": {"type": "Point", "coordinates": [-75.04667225085484, -13.49426357575482]}}, {"type": "Feature", "properties": {"name": "410", "km": "410"}, "geometry": {"type": "Point", "coordinates": [-75.07244006332509, -13.49349699692007]}}, {"type": "Feature", "properties": {"name": "406", "km": "406"}, "geometry": {"type": "Point", "coordinates": [-75.038983456281, -13.49296902670305]}}, {"type": "Feature", "properties": {"name": "411", "km": "411"}, "geometry": {"type": "Point", "coordinates": [-75.08066216732092, -13.48943030884176]}}, {"type": "Feature", "properties": {"name": "413", "km": "413"}, "geometry": {"type": "Point", "coordinates": [-75.0967460158434, -13.49712473364914]}}, {"type": "Feature", "properties": {"name": "414", "km": "414"}, "geometry": {"type": "Point", "coordinates": [-75.10014960436955, -13.50514206345935]}}, {"type": "Feature", "properties": {"name": "417", "km": "417"}, "geometry": {"type": "Point", "coordinates": [-75.11487911493788, -13.52375559982901]}}, {"type": "Feature", "properties": {"name": "418", "km": "418"}, "geometry": {"type": "Point", "coordinates": [-75.1234365628274, -13.52649383011109]}}, {"type": "Feature", "properties": {"name": "420", "km": "420"}, "geometry": {"type": "Point", "coordinates": [-75.13848543808817, -13.53602053878902]}}, {"type": "Feature", "properties": {"name": "421", "km": "421"}, "geometry": {"type": "Point", "coordinates": [-75.14605466041316, -13.54013871390837]}}, {"type": "Feature", "properties": {"name": "424", "km": "424"}, "geometry": {"type": "Point", "coordinates": [-75.17034932745081, -13.54665740121855]}}, {"type": "Feature", "properties": {"name": "425", "km": "425"}, "geometry": {"type": "Point", "coordinates": [-75.1758315698701, -13.5539032607183]}}, {"type": "Feature", "properties": {"name": "427", "km": "427"}, "geometry": {"type": "Point", "coordinates": [-75.18942455557014, -13.56503350091123]}}, {"type": "Feature", "properties": {"name": "428", "km": "428"}, "geometry": {"type": "Point", "coordinates": [-75.19430082050381, -13.57204176100895]}}, {"type": "Feature", "properties": {"name": "431", "km": "431"}, "geometry": {"type": "Point", "coordinates": [-75.21401476615141, -13.59056730694484]}}, {"type": "Feature", "properties": {"name": "432", "km": "432"}, "geometry": {"type": "Point", "coordinates": [-75.2203757521003, -13.59687839888796]}}, {"type": "Feature", "properties": {"name": "434", "km": "434"}, "geometry": {"type": "Point", "coordinates": [-75.23352150666244, -13.60800879336737]}}, {"type": "Feature", "properties": {"name": "435", "km": "435"}, "geometry": {"type": "Point", "coordinates": [-75.23995177211141, -13.6143902783666]}}, {"type": "Feature", "properties": {"name": "438", "km": "438"}, "geometry": {"type": "Point", "coordinates": [-75.26240841944, -13.62940242396229]}}, {"type": "Feature", "properties": {"name": "654", "km": "654"}, "geometry": {"type": "Point", "coordinates": [-76.52417318046518, -12.81912648304994]}}, {"type": "Feature", "properties": {"name": "656", "km": "656"}, "geometry": {"type": "Point", "coordinates": [-76.53200101718176, -12.80349620678075]}}, {"type": "Feature", "properties": {"name": "659", "km": "659"}, "geometry": {"type": "Point", "coordinates": [-76.55378451333276, -12.78973652484704]}}, {"type": "Feature", "properties": {"name": "662", "km": "662"}, "geometry": {"type": "Point", "coordinates": [-76.56883935207571, -12.77404469536151]}}, {"type": "Feature", "properties": {"name": "281", "km": "281"}, "geometry": {"type": "Point", "coordinates": [-74.1137562620717, -13.341041477523]}}, {"type": "Feature", "properties": {"name": "282", "km": "282"}, "geometry": {"type": "Point", "coordinates": [-74.11983759294206, -13.34658494687306]}}, {"type": "Feature", "properties": {"name": "283", "km": "283"}, "geometry": {"type": "Point", "coordinates": [-74.12798997715618, -13.34991536397044]}}, {"type": "Feature", "properties": {"name": "698", "km": "698"}, "geometry": {"type": "Point", "coordinates": [-76.70731791273047, -12.53156476601803]}}, {"type": "Feature", "properties": {"name": "699", "km": "699"}, "geometry": {"type": "Point", "coordinates": [-76.71317805481263, -12.52323440262248]}}, {"type": "Feature", "properties": {"name": "635", "km": "635"}, "geometry": {"type": "Point", "coordinates": [-76.48740587200099, -12.98097255613797]}}, {"type": "Feature", "properties": {"name": "637", "km": "637"}, "geometry": {"type": "Point", "coordinates": [-76.4965786928488, -12.96524258515691]}}, {"type": "Feature", "properties": {"name": "640", "km": "640"}, "geometry": {"type": "Point", "coordinates": [-76.4926903229462, -12.93962963117758]}}, {"type": "Feature", "properties": {"name": "643", "km": "643"}, "geometry": {"type": "Point", "coordinates": [-76.49727159933441, -12.91345977586076]}}, {"type": "Feature", "properties": {"name": "645", "km": "645"}, "geometry": {"type": "Point", "coordinates": [-76.50326928783765, -12.89622229182878]}}, {"type": "Feature", "properties": {"name": "648", "km": "648"}, "geometry": {"type": "Point", "coordinates": [-76.50682386765182, -12.86962435276331]}}, {"type": "Feature", "properties": {"name": "651", "km": "651"}, "geometry": {"type": "Point", "coordinates": [-76.5114747457027, -12.84309240678549]}}, {"type": "Feature", "properties": {"name": "20", "km": "20"}, "geometry": {"type": "Point", "coordinates": [-72.97630913219226, -11.98162678108516]}}, {"type": "Feature", "properties": {"name": "22", "km": "22"}, "geometry": {"type": "Point", "coordinates": [-72.98686351399728, -11.99700366607378]}}, {"type": "Feature", "properties": {"name": "29", "km": "29"}, "geometry": {"type": "Point", "coordinates": [-72.98634980458745, -12.05515632012892]}}, {"type": "Feature", "properties": {"name": "660", "km": "660"}, "geometry": {"type": "Point", "coordinates": [-76.56194323162875, -12.78790747315668]}}, {"type": "Feature", "properties": {"name": "661", "km": "661"}, "geometry": {"type": "Point", "coordinates": [-76.56731164915472, -12.78215397183969]}}, {"type": "Feature", "properties": {"name": "691", "km": "691"}, "geometry": {"type": "Point", "coordinates": [-76.66642345757819, -12.57111717785035]}}, {"type": "Feature", "properties": {"name": "692", "km": "692"}, "geometry": {"type": "Point", "coordinates": [-76.67664295710667, -12.57009441912142]}}, {"type": "Feature", "properties": {"name": "694", "km": "694"}, "geometry": {"type": "Point", "coordinates": [-76.69271408870902, -12.5636476987436]}}, {"type": "Feature", "properties": {"name": "695", "km": "695"}, "geometry": {"type": "Point", "coordinates": [-76.6954241977605, -12.55593803417965]}}, {"type": "Feature", "properties": {"name": "696", "km": "696"}, "geometry": {"type": "Point", "coordinates": [-76.69861228862662, -12.54676998897306]}}, {"type": "Feature", "properties": {"name": "697", "km": "697"}, "geometry": {"type": "Point", "coordinates": [-76.7036905702083, -12.53963284578066]}}, {"type": "Feature", "properties": {"name": "284", "km": "284"}, "geometry": {"type": "Point", "coordinates": [-74.1362159745415, -13.34871018083956]}}, {"type": "Feature", "properties": {"name": "285", "km": "285"}, "geometry": {"type": "Point", "coordinates": [-74.14514474622638, -13.34772246734137]}}, {"type": "Feature", "properties": {"name": "287", "km": "287"}, "geometry": {"type": "Point", "coordinates": [-74.16190519136146, -13.34199182014752]}}, {"type": "Feature", "properties": {"name": "288", "km": "288"}, "geometry": {"type": "Point", "coordinates": [-74.17098140186309, -13.3412198485242]}}, {"type": "Feature", "properties": {"name": "289", "km": "289"}, "geometry": {"type": "Point", "coordinates": [-74.17978624876054, -13.34325283533487]}}, {"type": "Feature", "properties": {"name": "290", "km": "290"}, "geometry": {"type": "Point", "coordinates": [-74.18869635937308, -13.34456035820621]}}, {"type": "Feature", "properties": {"name": "291", "km": "291"}, "geometry": {"type": "Point", "coordinates": [-74.19778751417405, -13.34454010441017]}}, {"type": "Feature", "properties": {"name": "292", "km": "292"}, "geometry": {"type": "Point", "coordinates": [-74.20654376113627, -13.34506305759122]}}, {"type": "Feature", "properties": {"name": "294", "km": "294"}, "geometry": {"type": "Point", "coordinates": [-74.22315209987285, -13.34852341156657]}}, {"type": "Feature", "properties": {"name": "295", "km": "295"}, "geometry": {"type": "Point", "coordinates": [-74.22876663231735, -13.34160726546232]}}, {"type": "Feature", "properties": {"name": "296", "km": "296"}, "geometry": {"type": "Point", "coordinates": [-74.23710402100409, -13.33784607216266]}}, {"type": "Feature", "properties": {"name": "297", "km": "297"}, "geometry": {"type": "Point", "coordinates": [-74.24593087681727, -13.33599874334673]}}, {"type": "Feature", "properties": {"name": "298", "km": "298"}, "geometry": {"type": "Point", "coordinates": [-74.2524553805101, -13.33014893964083]}}, {"type": "Feature", "properties": {"name": "299", "km": "299"}, "geometry": {"type": "Point", "coordinates": [-74.25895051684812, -13.32371313576147]}}, {"type": "Feature", "properties": {"name": "301", "km": "301"}, "geometry": {"type": "Point", "coordinates": [-74.26892144169312, -13.30856985128387]}}, {"type": "Feature", "properties": {"name": "302", "km": "302"}, "geometry": {"type": "Point", "coordinates": [-74.27386420188074, -13.30091689594498]}}, {"type": "Feature", "properties": {"name": "303", "km": "303"}, "geometry": {"type": "Point", "coordinates": [-74.27836587431872, -13.29309005533303]}}, {"type": "Feature", "properties": {"name": "304", "km": "304"}, "geometry": {"type": "Point", "coordinates": [-74.2831188978351, -13.28539022984436]}}, {"type": "Feature", "properties": {"name": "305", "km": "305"}, "geometry": {"type": "Point", "coordinates": [-74.2882408618819, -13.27832534552359]}}, {"type": "Feature", "properties": {"name": "306", "km": "306"}, "geometry": {"type": "Point", "coordinates": [-74.29409421645154, -13.27169493241795]}}, {"type": "Feature", "properties": {"name": "308", "km": "308"}, "geometry": {"type": "Point", "coordinates": [-74.30627618178214, -13.25761655497011]}}, {"type": "Feature", "properties": {"name": "309", "km": "309"}, "geometry": {"type": "Point", "coordinates": [-74.31414403516689, -13.25528520881896]}}, {"type": "Feature", "properties": {"name": "310", "km": "310"}, "geometry": {"type": "Point", "coordinates": [-74.32248404990295, -13.25592931301092]}}, {"type": "Feature", "properties": {"name": "665", "km": "665"}, "geometry": {"type": "Point", "coordinates": [-76.59093166265389, -12.76034385435331]}}, {"type": "Feature", "properties": {"name": "667", "km": "667"}, "geometry": {"type": "Point", "coordinates": [-76.60198913173139, -12.7451898223639]}}, {"type": "Feature", "properties": {"name": "670", "km": "670"}, "geometry": {"type": "Point", "coordinates": [-76.61295727209547, -12.72192743981193]}}, {"type": "Feature", "properties": {"name": "311", "km": "311"}, "geometry": {"type": "Point", "coordinates": [-74.32876283381604, -13.26158973418303]}}, {"type": "Feature", "properties": {"name": "312", "km": "312"}, "geometry": {"type": "Point", "coordinates": [-74.33670037173667, -13.26009326152274]}}, {"type": "Feature", "properties": {"name": "313", "km": "313"}, "geometry": {"type": "Point", "coordinates": [-74.34420425870205, -13.26010181084913]}}, {"type": "Feature", "properties": {"name": "314", "km": "314"}, "geometry": {"type": "Point", "coordinates": [-74.35155641730316, -13.26082237262839]}}, {"type": "Feature", "properties": {"name": "316", "km": "316"}, "geometry": {"type": "Point", "coordinates": [-74.36846190713655, -13.26377606911115]}}, {"type": "Feature", "properties": {"name": "317", "km": "317"}, "geometry": {"type": "Point", "coordinates": [-74.37498428973176, -13.2690859897079]}}, {"type": "Feature", "properties": {"name": "318", "km": "318"}, "geometry": {"type": "Point", "coordinates": [-74.3824720893655, -13.27439773346373]}}, {"type": "Feature", "properties": {"name": "319", "km": "319"}, "geometry": {"type": "Point", "coordinates": [-74.38906952756041, -13.28027569843473]}}, {"type": "Feature", "properties": {"name": "320", "km": "320"}, "geometry": {"type": "Point", "coordinates": [-74.39731585294918, -13.28086038840959]}}, {"type": "Feature", "properties": {"name": "322", "km": "322"}, "geometry": {"type": "Point", "coordinates": [-74.4148739135526, -13.27859325600776]}}, {"type": "Feature", "properties": {"name": "323", "km": "323"}, "geometry": {"type": "Point", "coordinates": [-74.42399649784974, -13.2791568503765]}}, {"type": "Feature", "properties": {"name": "324", "km": "324"}, "geometry": {"type": "Point", "coordinates": [-74.4331613813226, -13.27969652329796]}}, {"type": "Feature", "properties": {"name": "325", "km": "325"}, "geometry": {"type": "Point", "coordinates": [-74.44216839127459, -13.27949687007731]}}, {"type": "Feature", "properties": {"name": "326", "km": "326"}, "geometry": {"type": "Point", "coordinates": [-74.45096213166512, -13.28016728710956]}}, {"type": "Feature", "properties": {"name": "327", "km": "327"}, "geometry": {"type": "Point", "coordinates": [-74.45941876647883, -13.28305933920015]}}, {"type": "Feature", "properties": {"name": "328", "km": "328"}, "geometry": {"type": "Point", "coordinates": [-74.46837460347474, -13.28518420891359]}}, {"type": "Feature", "properties": {"name": "330", "km": "330"}, "geometry": {"type": "Point", "coordinates": [-74.4863344459274, -13.28353878421446]}}, {"type": "Feature", "properties": {"name": "331", "km": "331"}, "geometry": {"type": "Point", "coordinates": [-74.49548592160103, -13.28378440530204]}}, {"type": "Feature", "properties": {"name": "332", "km": "332"}, "geometry": {"type": "Point", "coordinates": [-74.50405791529904, -13.28095168534697]}}, {"type": "Feature", "properties": {"name": "673", "km": "673"}, "geometry": {"type": "Point", "coordinates": [-76.63290196031667, -12.70752274421583]}}, {"type": "Feature", "properties": {"name": "676", "km": "676"}, "geometry": {"type": "Point", "coordinates": [-76.64581850528215, -12.68294577301001]}}, {"type": "Feature", "properties": {"name": "679", "km": "679"}, "geometry": {"type": "Point", "coordinates": [-76.65597564449014, -12.65907260482317]}}, {"type": "Feature", "properties": {"name": "682", "km": "682"}, "geometry": {"type": "Point", "coordinates": [-76.66585913555492, -12.63868114412157]}}, {"type": "Feature", "properties": {"name": "685", "km": "685"}, "geometry": {"type": "Point", "coordinates": [-76.66066663216543, -12.6114322841095]}}, {"type": "Feature", "properties": {"name": "687", "km": "687"}, "geometry": {"type": "Point", "coordinates": [-76.65231374347213, -12.59630665706743]}}, {"type": "Feature", "properties": {"name": "693", "km": "693"}, "geometry": {"type": "Point", "coordinates": [-76.6857084652839, -12.56886240891666]}}, {"type": "Feature", "properties": {"name": "618", "km": "618"}, "geometry": {"type": "Point", "coordinates": [-76.39655178997893, -13.07978926864233]}}, {"type": "Feature", "properties": {"name": "619", "km": "619"}, "geometry": {"type": "Point", "coordinates": [-76.40084087722484, -13.07340171992586]}}, {"type": "Feature", "properties": {"name": "621", "km": "621"}, "geometry": {"type": "Point", "coordinates": [-76.4118168875798, -13.05785250652817]}}, {"type": "Feature", "properties": {"name": "623", "km": "623"}, "geometry": {"type": "Point", "coordinates": [-76.41475664982785, -13.04426169330231]}}, {"type": "Feature", "properties": {"name": "624", "km": "624"}, "geometry": {"type": "Point", "coordinates": [-76.42063710726647, -13.03577692461146]}}, {"type": "Feature", "properties": {"name": "626", "km": "626"}, "geometry": {"type": "Point", "coordinates": [-76.43135267922938, -13.02160626630576]}}, {"type": "Feature", "properties": {"name": "627", "km": "627"}, "geometry": {"type": "Point", "coordinates": [-76.43665292213335, -13.02006824532601]}}, {"type": "Feature", "properties": {"name": "629", "km": "629"}, "geometry": {"type": "Point", "coordinates": [-76.44964822764256, -13.01270861810984]}}, {"type": "Feature", "properties": {"name": "630", "km": "630"}, "geometry": {"type": "Point", "coordinates": [-76.45428314830295, -13.00438388998978]}}, {"type": "Feature", "properties": {"name": "632", "km": "632"}, "geometry": {"type": "Point", "coordinates": [-76.46534198164483, -12.9911322814053]}}, {"type": "Feature", "properties": {"name": "633", "km": "633"}, "geometry": {"type": "Point", "coordinates": [-76.47258716733305, -12.98947315947883]}}, {"type": "Feature", "properties": {"name": "644", "km": "644"}, "geometry": {"type": "Point", "coordinates": [-76.50016046472199, -12.90492755378165]}}, {"type": "Feature", "properties": {"name": "650", "km": "650"}, "geometry": {"type": "Point", "coordinates": [-76.50954640110137, -12.85187227353951]}}, {"type": "Feature", "properties": {"name": "664", "km": "664"}, "geometry": {"type": "Point", "coordinates": [-76.58597489149842, -12.76593309058102]}}, {"type": "Feature", "properties": {"name": "671", "km": "671"}, "geometry": {"type": "Point", "coordinates": [-76.61965707878468, -12.71844247154282]}}, {"type": "Feature", "properties": {"name": "508", "km": "508"}, "geometry": {"type": "Point", "coordinates": [-75.80701023868926, -13.68849994167967]}}, {"type": "Feature", "properties": {"name": "517", "km": "517"}, "geometry": {"type": "Point", "coordinates": [-75.86743821155221, -13.73229231687906]}}, {"type": "Feature", "properties": {"name": "226", "km": "226"}, "geometry": {"type": "Point", "coordinates": [-73.80081760801609, -13.06482018640767]}}, {"type": "Feature", "properties": {"name": "241", "km": "241"}, "geometry": {"type": "Point", "coordinates": [-73.89228131339937, -13.11981933936471]}}, {"type": "Feature", "properties": {"name": "256", "km": "256"}, "geometry": {"type": "Point", "coordinates": [-73.97604455520947, -13.20102123020285]}}, {"type": "Feature", "properties": {"name": "138", "km": "138"}, "geometry": {"type": "Point", "coordinates": [-73.3100171900159, -12.71718695362224]}}, {"type": "Feature", "properties": {"name": "34", "km": "34"}, "geometry": {"type": "Point", "coordinates": [-72.98907301527093, -12.0880028553798]}}, {"type": "Feature", "properties": {"name": "38", "km": "38"}, "geometry": {"type": "Point", "coordinates": [-72.9855045382826, -12.11383116659601]}}, {"type": "Feature", "properties": {"name": "40", "km": "40"}, "geometry": {"type": "Point", "coordinates": [-72.97633835503648, -12.12413072126334]}}, {"type": "Feature", "properties": {"name": "4", "km": "4"}, "geometry": {"type": "Point", "coordinates": [-72.93990653246476, -11.87896376263689]}}, {"type": "Feature", "properties": {"name": "5", "km": "5"}, "geometry": {"type": "Point", "coordinates": [-72.93731875054378, -11.88734546922316]}}, {"type": "Feature", "properties": {"name": "6", "km": "6"}, "geometry": {"type": "Point", "coordinates": [-72.93468142022054, -11.89641583825974]}}, {"type": "Feature", "properties": {"name": "7", "km": "7"}, "geometry": {"type": "Point", "coordinates": [-72.9345316555872, -11.90459360643471]}}, {"type": "Feature", "properties": {"name": "8", "km": "8"}, "geometry": {"type": "Point", "coordinates": [-72.93214606453148, -11.91370677022378]}}, {"type": "Feature", "properties": {"name": "11", "km": "11"}, "geometry": {"type": "Point", "coordinates": [-72.92390935358591, -11.93773617279254]}}, {"type": "Feature", "properties": {"name": "12", "km": "12"}, "geometry": {"type": "Point", "coordinates": [-72.9209756455304, -11.94514009871024]}}, {"type": "Feature", "properties": {"name": "13", "km": "13"}, "geometry": {"type": "Point", "coordinates": [-72.92873605823982, -11.94774503232523]}}, {"type": "Feature", "properties": {"name": "14", "km": "14"}, "geometry": {"type": "Point", "coordinates": [-72.9341128063033, -11.95137926161729]}}, {"type": "Feature", "properties": {"name": "15", "km": "15"}, "geometry": {"type": "Point", "coordinates": [-72.94199767227394, -11.95981781010452]}}, {"type": "Feature", "properties": {"name": "16", "km": "16"}, "geometry": {"type": "Point", "coordinates": [-72.9486151728894, -11.96319244470603]}}, {"type": "Feature", "properties": {"name": "18", "km": "18"}, "geometry": {"type": "Point", "coordinates": [-72.96345598403465, -11.97360737922874]}}, {"type": "Feature", "properties": {"name": "119", "km": "119"}, "geometry": {"type": "Point", "coordinates": [-73.20218304905575, -12.61203791243635]}}, {"type": "Feature", "properties": {"name": "120", "km": "120"}, "geometry": {"type": "Point", "coordinates": [-73.20960574468738, -12.61698170983796]}}, {"type": "Feature", "properties": {"name": "122", "km": "122"}, "geometry": {"type": "Point", "coordinates": [-73.21511352503026, -12.63194778993407]}}, {"type": "Feature", "properties": {"name": "123", "km": "123"}, "geometry": {"type": "Point", "coordinates": [-73.21917256896218, -12.63899004887741]}}, {"type": "Feature", "properties": {"name": "125", "km": "125"}, "geometry": {"type": "Point", "coordinates": [-73.2325532377277, -12.64867757810899]}}, {"type": "Feature", "properties": {"name": "127", "km": "127"}, "geometry": {"type": "Point", "coordinates": [-73.24007123708026, -12.66294283196199]}}, {"type": "Feature", "properties": {"name": "129", "km": "129"}, "geometry": {"type": "Point", "coordinates": [-73.25148331676489, -12.67394807248198]}}, {"type": "Feature", "properties": {"name": "130", "km": "130"}, "geometry": {"type": "Point", "coordinates": [-73.25831842505748, -12.67940653841488]}}, {"type": "Feature", "properties": {"name": "132", "km": "132"}, "geometry": {"type": "Point", "coordinates": [-73.27378311528142, -12.68328493479668]}}, {"type": "Feature", "properties": {"name": "134", "km": "134"}, "geometry": {"type": "Point", "coordinates": [-73.28512726247668, -12.69479851101402]}}, {"type": "Feature", "properties": {"name": "136", "km": "136"}, "geometry": {"type": "Point", "coordinates": [-73.296084995101, -12.70712176693776]}}, {"type": "Feature", "properties": {"name": "188", "km": "188"}, "geometry": {"type": "Point", "coordinates": [-73.59001821611969, -12.94456925390201]}}, {"type": "Feature", "properties": {"name": "190", "km": "190"}, "geometry": {"type": "Point", "coordinates": [-73.6008279812393, -12.95541294019978]}}, {"type": "Feature", "properties": {"name": "192", "km": "192"}, "geometry": {"type": "Point", "coordinates": [-73.61316504253526, -12.95512253618602]}}, {"type": "Feature", "properties": {"name": "193", "km": "193"}, "geometry": {"type": "Point", "coordinates": [-73.62064862696755, -12.95622803521097]}}, {"type": "Feature", "properties": {"name": "195", "km": "195"}, "geometry": {"type": "Point", "coordinates": [-73.6346040278641, -12.9613009064168]}}, {"type": "Feature", "properties": {"name": "196", "km": "196"}, "geometry": {"type": "Point", "coordinates": [-73.6405342024072, -12.96585124680958]}}, {"type": "Feature", "properties": {"name": "199", "km": "199"}, "geometry": {"type": "Point", "coordinates": [-73.65501343993708, -12.97942109149975]}}, {"type": "Feature", "properties": {"name": "233", "km": "233"}, "geometry": {"type": "Point", "coordinates": [-73.84835327891724, -13.08519272808297]}}, {"type": "Feature", "properties": {"name": "236", "km": "236"}, "geometry": {"type": "Point", "coordinates": [-73.86902016835951, -13.0960499302217]}}, {"type": "Feature", "properties": {"name": "239", "km": "239"}, "geometry": {"type": "Point", "coordinates": [-73.8777397576791, -13.1173908696244]}}, {"type": "Feature", "properties": {"name": "716", "km": "716"}, "geometry": {"type": "Point", "coordinates": [-76.75195552540875, -12.39393546627794]}}, {"type": "Feature", "properties": {"name": "55", "km": "55"}, "geometry": {"type": "Point", "coordinates": [-73.00661192066555, -12.21232049859575]}}, {"type": "Feature", "properties": {"name": "59", "km": "59"}, "geometry": {"type": "Point", "coordinates": [-73.00995039148164, -12.24170243526528]}}, {"type": "Feature", "properties": {"name": "268", "km": "268"}, "geometry": {"type": "Point", "coordinates": [-74.04192637627663, -13.26193074566845]}}, {"type": "Feature", "properties": {"name": "270", "km": "270"}, "geometry": {"type": "Point", "coordinates": [-74.05836552466755, -13.2687726128357]}}, {"type": "Feature", "properties": {"name": "271", "km": "271"}, "geometry": {"type": "Point", "coordinates": [-74.06531665978353, -13.27407858685731]}}, {"type": "Feature", "properties": {"name": "225", "km": "225"}, "geometry": {"type": "Point", "coordinates": [-73.7953050700912, -13.06951786417756]}}, {"type": "Feature", "properties": {"name": "228", "km": "228"}, "geometry": {"type": "Point", "coordinates": [-73.81508447236283, -13.07035247867673]}}, {"type": "Feature", "properties": {"name": "229", "km": "229"}, "geometry": {"type": "Point", "coordinates": [-73.82071555074148, -13.07666892107461]}}, {"type": "Feature", "properties": {"name": "231", "km": "231"}, "geometry": {"type": "Point", "coordinates": [-73.83526264604153, -13.07997159873379]}}, {"type": "Feature", "properties": {"name": "232", "km": "232"}, "geometry": {"type": "Point", "coordinates": [-73.8407973524108, -13.08287379801967]}}, {"type": "Feature", "properties": {"name": "234", "km": "234"}, "geometry": {"type": "Point", "coordinates": [-73.85668586262676, -13.0868709870828]}}, {"type": "Feature", "properties": {"name": "235", "km": "235"}, "geometry": {"type": "Point", "coordinates": [-73.86373295736071, -13.09017921607165]}}, {"type": "Feature", "properties": {"name": "237", "km": "237"}, "geometry": {"type": "Point", "coordinates": [-73.87230237032173, -13.10216711058501]}}, {"type": "Feature", "properties": {"name": "238", "km": "238"}, "geometry": {"type": "Point", "coordinates": [-73.87415248776313, -13.11013657810933]}}, {"type": "Feature", "properties": {"name": "240", "km": "240"}, "geometry": {"type": "Point", "coordinates": [-73.88462545651359, -13.11679631403004]}}, {"type": "Feature", "properties": {"name": "243", "km": "243"}, "geometry": {"type": "Point", "coordinates": [-73.90567923104905, -13.12834410602721]}}, {"type": "Feature", "properties": {"name": "244", "km": "244"}, "geometry": {"type": "Point", "coordinates": [-73.91089853937812, -13.13491845892504]}}, {"type": "Feature", "properties": {"name": "246", "km": "246"}, "geometry": {"type": "Point", "coordinates": [-73.92095537578817, -13.14792181262899]}}, {"type": "Feature", "properties": {"name": "247", "km": "247"}, "geometry": {"type": "Point", "coordinates": [-73.9229920531146, -13.15607238059513]}}, {"type": "Feature", "properties": {"name": "250", "km": "250"}, "geometry": {"type": "Point", "coordinates": [-73.93579266875028, -13.17280086410379]}}, {"type": "Feature", "properties": {"name": "252", "km": "252"}, "geometry": {"type": "Point", "coordinates": [-73.95331940753476, -13.17705499285396]}}, {"type": "Feature", "properties": {"name": "253", "km": "253"}, "geometry": {"type": "Point", "coordinates": [-73.96163854698949, -13.18099399734471]}}, {"type": "Feature", "properties": {"name": "255", "km": "255"}, "geometry": {"type": "Point", "coordinates": [-73.9741774252758, -13.19281377461833]}}, {"type": "Feature", "properties": {"name": "258", "km": "258"}, "geometry": {"type": "Point", "coordinates": [-73.98133928322869, -13.21801256467975]}}, {"type": "Feature", "properties": {"name": "259", "km": "259"}, "geometry": {"type": "Point", "coordinates": [-73.98384599431965, -13.22681409639205]}}, {"type": "Feature", "properties": {"name": "261", "km": "261"}, "geometry": {"type": "Point", "coordinates": [-73.993957447823, -13.23974825437155]}}, {"type": "Feature", "properties": {"name": "264", "km": "264"}, "geometry": {"type": "Point", "coordinates": [-74.00732825230017, -13.25863980077582]}}, {"type": "Feature", "properties": {"name": "273", "km": "273"}, "geometry": {"type": "Point", "coordinates": [-74.07063650915792, -13.29028224223336]}}, {"type": "Feature", "properties": {"name": "274", "km": "274"}, "geometry": {"type": "Point", "coordinates": [-74.07925306198948, -13.2916713241938]}}, {"type": "Feature", "properties": {"name": "276", "km": "276"}, "geometry": {"type": "Point", "coordinates": [-74.093275869981, -13.30259787318912]}}, {"type": "Feature", "properties": {"name": "277", "km": "277"}, "geometry": {"type": "Point", "coordinates": [-74.09848170821682, -13.30956414212651]}}, {"type": "Feature", "properties": {"name": "279", "km": "279"}, "geometry": {"type": "Point", "coordinates": [-74.10444864939748, -13.32640414805803]}}, {"type": "Feature", "properties": {"name": "280", "km": "280"}, "geometry": {"type": "Point", "coordinates": [-74.1090672878992, -13.33410910512476]}}, {"type": "Feature", "properties": {"name": "545", "km": "545"}, "geometry": {"type": "Point", "coordinates": [-76.01705877779021, -13.57496851652644]}}, {"type": "Feature", "properties": {"name": "563", "km": "563"}, "geometry": {"type": "Point", "coordinates": [-76.07584524328023, -13.42616134987372]}}, {"type": "Feature", "properties": {"name": "533", "km": "533"}, "geometry": {"type": "Point", "coordinates": [-75.9625330030942, -13.66243177731592]}}, {"type": "Feature", "properties": {"name": "592", "km": "592"}, "geometry": {"type": "Point", "coordinates": [-76.26190050463647, -13.24982232131717]}}, {"type": "Feature", "properties": {"name": "89", "km": "89"}, "geometry": {"type": "Point", "coordinates": [-73.03143609931111, -12.44676936752463]}}, {"type": "Feature", "properties": {"name": "96", "km": "96"}, "geometry": {"type": "Point", "coordinates": [-73.07445354299094, -12.48219917623277]}}, {"type": "Feature", "properties": {"name": "104", "km": "104"}, "geometry": {"type": "Point", "coordinates": [-73.11909856622941, -12.51707590122187]}}, {"type": "Feature", "properties": {"name": "107", "km": "107"}, "geometry": {"type": "Point", "coordinates": [-73.13004159953641, -12.54014580587775]}}, {"type": "Feature", "properties": {"name": "110", "km": "110"}, "geometry": {"type": "Point", "coordinates": [-73.14993492177845, -12.55574679421406]}}, {"type": "Feature", "properties": {"name": "111", "km": "111"}, "geometry": {"type": "Point", "coordinates": [-73.15439350074806, -12.56298012454682]}}, {"type": "Feature", "properties": {"name": "114", "km": "114"}, "geometry": {"type": "Point", "coordinates": [-73.1706709668824, -12.58364923432097]}}, {"type": "Feature", "properties": {"name": "117", "km": "117"}, "geometry": {"type": "Point", "coordinates": [-73.18786024429815, -12.6022182004023]}}, {"type": "Feature", "properties": {"name": "124", "km": "124"}, "geometry": {"type": "Point", "coordinates": [-73.2257974333062, -12.64349321801681]}}, {"type": "Feature", "properties": {"name": "131", "km": "131"}, "geometry": {"type": "Point", "coordinates": [-73.26600912799503, -12.68270033390462]}}, {"type": "Feature", "properties": {"name": "135", "km": "135"}, "geometry": {"type": "Point", "coordinates": [-73.29189598361764, -12.70007169214444]}}, {"type": "Feature", "properties": {"name": "139", "km": "139"}, "geometry": {"type": "Point", "coordinates": [-73.31559512501923, -12.7239389390735]}}, {"type": "Feature", "properties": {"name": "267", "km": "267"}, "geometry": {"type": "Point", "coordinates": [-74.03313896033958, -13.25997148837063]}}, {"type": "Feature", "properties": {"name": "709", "km": "709"}, "geometry": {"type": "Point", "coordinates": [-76.72816969074884, -12.44328912574741]}}, {"type": "Feature", "properties": {"name": "723", "km": "723"}, "geometry": {"type": "Point", "coordinates": [-76.77914431685092, -12.33912596191575]}}, {"type": "Feature", "properties": {"name": "556", "km": "556"}, "geometry": {"type": "Point", "coordinates": [-76.04940619728241, -13.48225489777197]}}, {"type": "Feature", "properties": {"name": "90", "km": "90"}, "geometry": {"type": "Point", "coordinates": [-73.03811495750294, -12.44961748256456]}}, {"type": "Feature", "properties": {"name": "93", "km": "93"}, "geometry": {"type": "Point", "coordinates": [-73.05943703394733, -12.46165946676166]}}, {"type": "Feature", "properties": {"name": "121", "km": "121"}, "geometry": {"type": "Point", "coordinates": [-73.21297416323236, -12.62490626312578]}}, {"type": "Feature", "properties": {"name": "128", "km": "128"}, "geometry": {"type": "Point", "coordinates": [-73.24650289754986, -12.66664214914553]}}, {"type": "Feature", "properties": {"name": "133", "km": "133"}, "geometry": {"type": "Point", "coordinates": [-73.28024325666618, -12.68764894346834]}}, {"type": "Feature", "properties": {"name": "154", "km": "154"}, "geometry": {"type": "Point", "coordinates": [-73.39587743667325, -12.79497313124421]}}, {"type": "Feature", "properties": {"name": "497", "km": "497"}, "geometry": {"type": "Point", "coordinates": [-75.73047140140623, -13.64468796402172]}}, {"type": "Feature", "properties": {"name": "466", "km": "466"}, "geometry": {"type": "Point", "coordinates": [-75.5009805560544, -13.6509770726885]}}, {"type": "Feature", "properties": {"name": "92", "km": "92"}, "geometry": {"type": "Point", "coordinates": [-73.05262361717747, -12.4567624541133]}}, {"type": "Feature", "properties": {"name": "94", "km": "94"}, "geometry": {"type": "Point", "coordinates": [-73.06676452627387, -12.46650226792084]}}, {"type": "Feature", "properties": {"name": "98", "km": "98"}, "geometry": {"type": "Point", "coordinates": [-73.07857128104374, -12.49650244380441]}}, {"type": "Feature", "properties": {"name": "99", "km": "99"}, "geometry": {"type": "Point", "coordinates": [-73.08200502292345, -12.50235844024085]}}, {"type": "Feature", "properties": {"name": "109", "km": "109"}, "geometry": {"type": "Point", "coordinates": [-73.14356042178726, -12.54937701577883]}}, {"type": "Feature", "properties": {"name": "113", "km": "113"}, "geometry": {"type": "Point", "coordinates": [-73.16555685648129, -12.57686467540558]}}, {"type": "Feature", "properties": {"name": "115", "km": "115"}, "geometry": {"type": "Point", "coordinates": [-73.17693350971707, -12.58961264164611]}}, {"type": "Feature", "properties": {"name": "116", "km": "116"}, "geometry": {"type": "Point", "coordinates": [-73.18294978042417, -12.59533360484937]}}, {"type": "Feature", "properties": {"name": "566", "km": "566"}, "geometry": {"type": "Point", "coordinates": [-76.09323462965496, -13.40729944516315]}}, {"type": "Feature", "properties": {"name": "567", "km": "567"}, "geometry": {"type": "Point", "coordinates": [-76.09819425113655, -13.39921339454289]}}, {"type": "Feature", "properties": {"name": "146", "km": "146"}, "geometry": {"type": "Point", "coordinates": [-73.35603605921727, -12.76144925095102]}}, {"type": "Feature", "properties": {"name": "149", "km": "149"}, "geometry": {"type": "Point", "coordinates": [-73.36672973695885, -12.78376748291613]}}, {"type": "Feature", "properties": {"name": "151", "km": "151"}, "geometry": {"type": "Point", "coordinates": [-73.38006716762604, -12.79082793128066]}}, {"type": "Feature", "properties": {"name": "157", "km": "157"}, "geometry": {"type": "Point", "coordinates": [-73.41507676016603, -12.81140920065284]}}, {"type": "Feature", "properties": {"name": "160", "km": "160"}, "geometry": {"type": "Point", "coordinates": [-73.43633246746326, -12.82765548188077]}}, {"type": "Feature", "properties": {"name": "164", "km": "164"}, "geometry": {"type": "Point", "coordinates": [-73.45538635861631, -12.84302111133072]}}, {"type": "Feature", "properties": {"name": "167", "km": "167"}, "geometry": {"type": "Point", "coordinates": [-73.47570239250517, -12.84900570694631]}}, {"type": "Feature", "properties": {"name": "170", "km": "170"}, "geometry": {"type": "Point", "coordinates": [-73.48417894315475, -12.87281457029579]}}, {"type": "Feature", "properties": {"name": "174", "km": "174"}, "geometry": {"type": "Point", "coordinates": [-73.49478941364141, -12.90170245291672]}}, {"type": "Feature", "properties": {"name": "494", "km": "494"}, "geometry": {"type": "Point", "coordinates": [-75.70844663903603, -13.64004360745385]}}, {"type": "Feature", "properties": {"name": "142", "km": "142"}, "geometry": {"type": "Point", "coordinates": [-73.33256364040393, -12.74113852292344]}}, {"type": "Feature", "properties": {"name": "496", "km": "496"}, "geometry": {"type": "Point", "coordinates": [-75.72263008805878, -13.64725440118072]}}, {"type": "Feature", "properties": {"name": "500", "km": "500"}, "geometry": {"type": "Point", "coordinates": [-75.75032258193235, -13.65421816992638]}}, {"type": "Feature", "properties": {"name": "502", "km": "502"}, "geometry": {"type": "Point", "coordinates": [-75.76358511646161, -13.66151266076904]}}, {"type": "Feature", "properties": {"name": "503", "km": "503"}, "geometry": {"type": "Point", "coordinates": [-75.76935402059316, -13.66780970078315]}}, {"type": "Feature", "properties": {"name": "488", "km": "488"}, "geometry": {"type": "Point", "coordinates": [-75.6610104824806, -13.6206279448851]}}, {"type": "Feature", "properties": {"name": "153", "km": "153"}, "geometry": {"type": "Point", "coordinates": [-73.39129254315435, -12.79214702318467]}}, {"type": "Feature", "properties": {"name": "48", "km": "48"}, "geometry": {"type": "Point", "coordinates": [-72.99629809511023, -12.17583805932091]}}, {"type": "Feature", "properties": {"name": "35", "km": "35"}, "geometry": {"type": "Point", "coordinates": [-72.9921009911741, -12.09630770743648]}}, {"type": "Feature", "properties": {"name": "451", "km": "451"}, "geometry": {"type": "Point", "coordinates": [-75.36976538644065, -13.65043238453947]}}, {"type": "Feature", "properties": {"name": "453", "km": "453"}, "geometry": {"type": "Point", "coordinates": [-75.38676689526775, -13.65158619814902]}}, {"type": "Feature", "properties": {"name": "455", "km": "455"}, "geometry": {"type": "Point", "coordinates": [-75.40440811083, -13.64976468438713]}}, {"type": "Feature", "properties": {"name": "570", "km": "570"}, "geometry": {"type": "Point", "coordinates": [-76.1119301898378, -13.37582772865009]}}, {"type": "Feature", "properties": {"name": "571", "km": "571"}, "geometry": {"type": "Point", "coordinates": [-76.1164641023103, -13.36779750846432]}}, {"type": "Feature", "properties": {"name": "535", "km": "535"}, "geometry": {"type": "Point", "coordinates": [-75.97757332536607, -13.65293407598876]}}, {"type": "Feature", "properties": {"name": "536", "km": "536"}, "geometry": {"type": "Point", "coordinates": [-75.98651450356579, -13.64653379431473]}}, {"type": "Feature", "properties": {"name": "538", "km": "538"}, "geometry": {"type": "Point", "coordinates": [-75.99753082946768, -13.6346821889273]}}, {"type": "Feature", "properties": {"name": "539", "km": "539"}, "geometry": {"type": "Point", "coordinates": [-75.99888986325955, -13.62590692166893]}}, {"type": "Feature", "properties": {"name": "541", "km": "541"}, "geometry": {"type": "Point", "coordinates": [-76.00369227526281, -13.60882136032855]}}, {"type": "Feature", "properties": {"name": "543", "km": "543"}, "geometry": {"type": "Point", "coordinates": [-76.00982810497105, -13.59163340923515]}}, {"type": "Feature", "properties": {"name": "544", "km": "544"}, "geometry": {"type": "Point", "coordinates": [-76.01349855122047, -13.58319226705203]}}, {"type": "Feature", "properties": {"name": "702", "km": "702"}, "geometry": {"type": "Point", "coordinates": [-76.72694407973383, -12.50401410985461]}}, {"type": "Feature", "properties": {"name": "546", "km": "546"}, "geometry": {"type": "Point", "coordinates": [-76.02063695023824, -13.56667232458138]}}, {"type": "Feature", "properties": {"name": "547", "km": "547"}, "geometry": {"type": "Point", "coordinates": [-76.0244353648007, -13.55740177823172]}}, {"type": "Feature", "properties": {"name": "549", "km": "549"}, "geometry": {"type": "Point", "coordinates": [-76.02884563020768, -13.54137802598303]}}, {"type": "Feature", "properties": {"name": "551", "km": "551"}, "geometry": {"type": "Point", "coordinates": [-76.03491713256788, -13.5243558611338]}}, {"type": "Feature", "properties": {"name": "456", "km": "456"}, "geometry": {"type": "Point", "coordinates": [-75.41355907923953, -13.64897380199563]}}, {"type": "Feature", "properties": {"name": "458", "km": "458"}, "geometry": {"type": "Point", "coordinates": [-75.43138421481396, -13.64552829693557]}}, {"type": "Feature", "properties": {"name": "460", "km": "460"}, "geometry": {"type": "Point", "coordinates": [-75.44925485874823, -13.64683401435944]}}, {"type": "Feature", "properties": {"name": "462", "km": "462"}, "geometry": {"type": "Point", "coordinates": [-75.46691706601776, -13.64620800561835]}}, {"type": "Feature", "properties": {"name": "463", "km": "463"}, "geometry": {"type": "Point", "coordinates": [-75.47458914363557, -13.64991116137485]}}, {"type": "Feature", "properties": {"name": "465", "km": "465"}, "geometry": {"type": "Point", "coordinates": [-75.49227795949376, -13.65322946420706]}}, {"type": "Feature", "properties": {"name": "468", "km": "468"}, "geometry": {"type": "Point", "coordinates": [-75.51837275659592, -13.64840989669761]}}, {"type": "Feature", "properties": {"name": "469", "km": "469"}, "geometry": {"type": "Point", "coordinates": [-75.52418740996997, -13.64470325119929]}}, {"type": "Feature", "properties": {"name": "472", "km": "472"}, "geometry": {"type": "Point", "coordinates": [-75.54909508603674, -13.64112770442614]}}, {"type": "Feature", "properties": {"name": "473", "km": "473"}, "geometry": {"type": "Point", "coordinates": [-75.55684775869874, -13.63937205464134]}}, {"type": "Feature", "properties": {"name": "181", "km": "181"}, "geometry": {"type": "Point", "coordinates": [-73.54027677942604, -12.9278612339443]}}, {"type": "Feature", "properties": {"name": "183", "km": "183"}, "geometry": {"type": "Point", "coordinates": [-73.5564686038724, -12.92728384317231]}}, {"type": "Feature", "properties": {"name": "185", "km": "185"}, "geometry": {"type": "Point", "coordinates": [-73.57356012162795, -12.93130369667642]}}, {"type": "Feature", "properties": {"name": "186", "km": "186"}, "geometry": {"type": "Point", "coordinates": [-73.58289575736741, -12.9325458829078]}}, {"type": "Feature", "properties": {"name": "85", "km": "85"}, "geometry": {"type": "Point", "coordinates": [-73.03106816140473, -12.4207973079783]}}, {"type": "Feature", "properties": {"name": "87", "km": "87"}, "geometry": {"type": "Point", "coordinates": [-73.02404190233962, -12.4354394539548]}}, {"type": "Feature", "properties": {"name": "88", "km": "88"}, "geometry": {"type": "Point", "coordinates": [-73.02381134418806, -12.44322562321564]}}, {"type": "Feature", "properties": {"name": "91", "km": "91"}, "geometry": {"type": "Point", "coordinates": [-73.04529410438008, -12.45304113143239]}}, {"type": "Feature", "properties": {"name": "95", "km": "95"}, "geometry": {"type": "Point", "coordinates": [-73.0730986074263, -12.47243893808404]}}, {"type": "Feature", "properties": {"name": "105", "km": "105"}, "geometry": {"type": "Point", "coordinates": [-73.12317368313188, -12.52402380098144]}}, {"type": "Feature", "properties": {"name": "106", "km": "106"}, "geometry": {"type": "Point", "coordinates": [-73.12750824592278, -12.53184124543744]}}, {"type": "Feature", "properties": {"name": "108", "km": "108"}, "geometry": {"type": "Point", "coordinates": [-73.13662408559411, -12.54404495034346]}}, {"type": "Feature", "properties": {"name": "707", "km": "707"}, "geometry": {"type": "Point", "coordinates": [-76.72709505884085, -12.46019955392709]}}, {"type": "Feature", "properties": {"name": "708", "km": "708"}, "geometry": {"type": "Point", "coordinates": [-76.7278300020166, -12.45172499874322]}}, {"type": "Feature", "properties": {"name": "710", "km": "710"}, "geometry": {"type": "Point", "coordinates": [-76.72797656683797, -12.43494704602226]}}, {"type": "Feature", "properties": {"name": "711", "km": "711"}, "geometry": {"type": "Point", "coordinates": [-76.7252589119521, -12.42870010739536]}}, {"type": "Feature", "properties": {"name": "712", "km": "712"}, "geometry": {"type": "Point", "coordinates": [-76.72839884799458, -12.41951418199975]}}, {"type": "Feature", "properties": {"name": "713", "km": "713"}, "geometry": {"type": "Point", "coordinates": [-76.7333833153979, -12.40921447151792]}}, {"type": "Feature", "properties": {"name": "714", "km": "714"}, "geometry": {"type": "Point", "coordinates": [-76.73742055245518, -12.40420715536203]}}, {"type": "Feature", "properties": {"name": "717", "km": "717"}, "geometry": {"type": "Point", "coordinates": [-76.75702828998665, -12.38657185557408]}}, {"type": "Feature", "properties": {"name": "718", "km": "718"}, "geometry": {"type": "Point", "coordinates": [-76.75962152159963, -12.37286062088451]}}, {"type": "Feature", "properties": {"name": "719", "km": "719"}, "geometry": {"type": "Point", "coordinates": [-76.76015557910392, -12.36885277979612]}}, {"type": "Feature", "properties": {"name": "720", "km": "720"}, "geometry": {"type": "Point", "coordinates": [-76.76325315625546, -12.3590884238295]}}, {"type": "Feature", "properties": {"name": "721", "km": "721"}, "geometry": {"type": "Point", "coordinates": [-76.76651584510442, -12.35203475329636]}}, {"type": "Feature", "properties": {"name": "722", "km": "722"}, "geometry": {"type": "Point", "coordinates": [-76.77146660390191, -12.34446389845836]}}, {"type": "Feature", "properties": {"name": "724", "km": "724"}, "geometry": {"type": "Point", "coordinates": [-76.7903321104647, -12.33085422748808]}}, {"type": "Feature", "properties": {"name": "725", "km": "725"}, "geometry": {"type": "Point", "coordinates": [-76.79713045715843, -12.32475332483099]}}, {"type": "Feature", "properties": {"name": "726", "km": "726"}, "geometry": {"type": "Point", "coordinates": [-76.80411517779224, -12.31906685776328]}}, {"type": "Feature", "properties": {"name": "727", "km": "727"}, "geometry": {"type": "Point", "coordinates": [-76.80890742291908, -12.31543760511366]}}, {"type": "Feature", "properties": {"name": "728", "km": "728"}, "geometry": {"type": "Point", "coordinates": [-76.81399592332751, -12.3107939457888]}}, {"type": "Feature", "properties": {"name": "729", "km": "729"}, "geometry": {"type": "Point", "coordinates": [-76.82116560054675, -12.30537707690647]}}, {"type": "Feature", "properties": {"name": "430", "km": "430"}, "geometry": {"type": "Point", "coordinates": [-75.20767267854082, -13.58391667344727]}}, {"type": "Feature", "properties": {"name": "433", "km": "433"}, "geometry": {"type": "Point", "coordinates": [-75.22749988198663, -13.6025704979827]}}, {"type": "Feature", "properties": {"name": "436", "km": "436"}, "geometry": {"type": "Point", "coordinates": [-75.24702086292763, -13.62025636338094]}}, {"type": "Feature", "properties": {"name": "440", "km": "440"}, "geometry": {"type": "Point", "coordinates": [-75.27758604687223, -13.63908240328592]}}, {"type": "Feature", "properties": {"name": "112", "km": "112"}, "geometry": {"type": "Point", "coordinates": [-73.16008013412635, -12.57009063099795]}}, {"type": "Feature", "properties": {"name": "443", "km": "443"}, "geometry": {"type": "Point", "coordinates": [-75.30380187038965, -13.64488328131696]}}, {"type": "Feature", "properties": {"name": "447", "km": "447"}, "geometry": {"type": "Point", "coordinates": [-75.33748650497299, -13.65306260003524]}}, {"type": "Feature", "properties": {"name": "450", "km": "450"}, "geometry": {"type": "Point", "coordinates": [-75.3607761791108, -13.65080620955195]}}, {"type": "Feature", "properties": {"name": "452", "km": "452"}, "geometry": {"type": "Point", "coordinates": [-75.37825489785759, -13.65295824818199]}}, {"type": "Feature", "properties": {"name": "454", "km": "454"}, "geometry": {"type": "Point", "coordinates": [-75.39553307777817, -13.64945202164121]}}, {"type": "Feature", "properties": {"name": "457", "km": "457"}, "geometry": {"type": "Point", "coordinates": [-75.42250159880636, -13.64741734945236]}}, {"type": "Feature", "properties": {"name": "461", "km": "461"}, "geometry": {"type": "Point", "coordinates": [-75.4580073474693, -13.64587602945471]}}, {"type": "Feature", "properties": {"name": "464", "km": "464"}, "geometry": {"type": "Point", "coordinates": [-75.4837331686012, -13.65121734702061]}}, {"type": "Feature", "properties": {"name": "467", "km": "467"}, "geometry": {"type": "Point", "coordinates": [-75.51000585253522, -13.64962446683035]}}, {"type": "Feature", "properties": {"name": "471", "km": "471"}, "geometry": {"type": "Point", "coordinates": [-75.54081220975671, -13.64112318019427]}}, {"type": "Feature", "properties": {"name": "180", "km": "180"}, "geometry": {"type": "Point", "coordinates": [-73.53351112350406, -12.92930709681045]}}, {"type": "Feature", "properties": {"name": "182", "km": "182"}, "geometry": {"type": "Point", "coordinates": [-73.55001343771896, -12.92770294923615]}}, {"type": "Feature", "properties": {"name": "184", "km": "184"}, "geometry": {"type": "Point", "coordinates": [-73.56617867834642, -12.93010183329482]}}, {"type": "Feature", "properties": {"name": "187", "km": "187"}, "geometry": {"type": "Point", "coordinates": [-73.58590315008033, -12.93746401128419]}}, {"type": "Feature", "properties": {"name": "191", "km": "191"}, "geometry": {"type": "Point", "coordinates": [-73.6068395557188, -12.95810726209882]}}, {"type": "Feature", "properties": {"name": "194", "km": "194"}, "geometry": {"type": "Point", "coordinates": [-73.62853862133201, -12.95734839310911]}}, {"type": "Feature", "properties": {"name": "198", "km": "198"}, "geometry": {"type": "Point", "coordinates": [-73.64947957413547, -12.97703005196734]}}, {"type": "Feature", "properties": {"name": "201", "km": "201"}, "geometry": {"type": "Point", "coordinates": [-73.65840016226244, -12.99303917681944]}}, {"type": "Feature", "properties": {"name": "204", "km": "204"}, "geometry": {"type": "Point", "coordinates": [-73.66789431949196, -13.01044961013846]}}, {"type": "Feature", "properties": {"name": "205", "km": "205"}, "geometry": {"type": "Point", "coordinates": [-73.67223926968165, -13.01705859527609]}}, {"type": "Feature", "properties": {"name": "208", "km": "208"}, "geometry": {"type": "Point", "coordinates": [-73.68165242775476, -13.03981272093339]}}, {"type": "Feature", "properties": {"name": "211", "km": "211"}, "geometry": {"type": "Point", "coordinates": [-73.70271622197274, -13.05464938242003]}}, {"type": "Feature", "properties": {"name": "215", "km": "215"}, "geometry": {"type": "Point", "coordinates": [-73.72283027363522, -13.07084235686225]}}, {"type": "Feature", "properties": {"name": "218", "km": "218"}, "geometry": {"type": "Point", "coordinates": [-73.73908914016124, -13.07508607927505]}}, {"type": "Feature", "properties": {"name": "222", "km": "222"}, "geometry": {"type": "Point", "coordinates": [-73.77318503384001, -13.07842452971435]}}, {"type": "Feature", "properties": {"name": "491", "km": "491"}, "geometry": {"type": "Point", "coordinates": [-75.68518480209976, -13.6282050229972]}}, {"type": "Feature", "properties": {"name": "495", "km": "495"}, "geometry": {"type": "Point", "coordinates": [-75.71674602911669, -13.64043327420397]}}, {"type": "Feature", "properties": {"name": "498", "km": "498"}, "geometry": {"type": "Point", "coordinates": [-75.73741603950701, -13.64739727603507]}}, {"type": "Feature", "properties": {"name": "499", "km": "499"}, "geometry": {"type": "Point", "coordinates": [-75.74412004731778, -13.65290004840928]}}, {"type": "Feature", "properties": {"name": "501", "km": "501"}, "geometry": {"type": "Point", "coordinates": [-75.75646452132968, -13.65936594508463]}}, {"type": "Feature", "properties": {"name": "505", "km": "505"}, "geometry": {"type": "Point", "coordinates": [-75.7833069849273, -13.6764397802728]}}, {"type": "Feature", "properties": {"name": "509", "km": "509"}, "geometry": {"type": "Point", "coordinates": [-75.81162933708505, -13.69464539156084]}}, {"type": "Feature", "properties": {"name": "512", "km": "512"}, "geometry": {"type": "Point", "coordinates": [-75.82830096097788, -13.71222273181338]}}, {"type": "Feature", "properties": {"name": "515", "km": "515"}, "geometry": {"type": "Point", "coordinates": [-75.8517997190543, -13.72475984983969]}}, {"type": "Feature", "properties": {"name": "518", "km": "518"}, "geometry": {"type": "Point", "coordinates": [-75.87526568646402, -13.73698304694532]}}, {"type": "Feature", "properties": {"name": "224", "km": "224"}, "geometry": {"type": "Point", "coordinates": [-73.7881861107453, -13.07505319312913]}}, {"type": "Feature", "properties": {"name": "227", "km": "227"}, "geometry": {"type": "Point", "coordinates": [-73.8086341405751, -13.06508632911]}}, {"type": "Feature", "properties": {"name": "230", "km": "230"}, "geometry": {"type": "Point", "coordinates": [-73.8275645871631, -13.07889162810198]}}, {"type": "Feature", "properties": {"name": "1", "km": "1"}, "geometry": {"type": "Point", "coordinates": [-74.1045152630211, -13.30269823424122]}}, {"type": "Feature", "properties": {"name": "2", "km": "2"}, "geometry": {"type": "Point", "coordinates": [-74.11190017773427, -13.29734663595711]}}, {"type": "Feature", "properties": {"name": "3", "km": "3"}, "geometry": {"type": "Point", "coordinates": [-74.11714059886029, -13.28993083337238]}}, {"type": "Feature", "properties": {"name": "4", "km": "4"}, "geometry": {"type": "Point", "coordinates": [-74.12416406055726, -13.28493706411796]}}, {"type": "Feature", "properties": {"name": "5", "km": "5"}, "geometry": {"type": "Point", "coordinates": [-74.13184629704537, -13.28016132174639]}}, {"type": "Feature", "properties": {"name": "6", "km": "6"}, "geometry": {"type": "Point", "coordinates": [-74.1394146210814, -13.27529340082143]}}, {"type": "Feature", "properties": {"name": "7", "km": "7"}, "geometry": {"type": "Point", "coordinates": [-74.14488867967368, -13.26838487131928]}}, {"type": "Feature", "properties": {"name": "8", "km": "8"}, "geometry": {"type": "Point", "coordinates": [-74.14924441336532, -13.26128171052223]}}, {"type": "Feature", "properties": {"name": "9", "km": "9"}, "geometry": {"type": "Point", "coordinates": [-74.15480577339679, -13.25488908298705]}}, {"type": "Feature", "properties": {"name": "10", "km": "10"}, "geometry": {"type": "Point", "coordinates": [-74.16250345816316, -13.25178554872493]}}, {"type": "Feature", "properties": {"name": "11", "km": "11"}, "geometry": {"type": "Point", "coordinates": [-74.16665855081308, -13.24452361439249]}}, {"type": "Feature", "properties": {"name": "12", "km": "12"}, "geometry": {"type": "Point", "coordinates": [-74.17235448926455, -13.23778071622719]}}, {"type": "Feature", "properties": {"name": "13", "km": "13"}, "geometry": {"type": "Point", "coordinates": [-74.17275959893476, -13.23047861997634]}}, {"type": "Feature", "properties": {"name": "14", "km": "14"}, "geometry": {"type": "Point", "coordinates": [-74.16975789453248, -13.22263477361727]}}, {"type": "Feature", "properties": {"name": "15", "km": "15"}, "geometry": {"type": "Point", "coordinates": [-74.17087014293166, -13.21419672049299]}}, {"type": "Feature", "properties": {"name": "16", "km": "16"}, "geometry": {"type": "Point", "coordinates": [-74.17255039422298, -13.20520604395553]}}, {"type": "Feature", "properties": {"name": "17", "km": "17"}, "geometry": {"type": "Point", "coordinates": [-74.17838149905864, -13.1983102036339]}}, {"type": "Feature", "properties": {"name": "18", "km": "18"}, "geometry": {"type": "Point", "coordinates": [-74.18187914075676, -13.19067924207128]}}, {"type": "Feature", "properties": {"name": "0", "km": "0"}, "geometry": {"type": "Point", "coordinates": [-74.09950212489387, -13.30919203194244]}}]}